ID,GPR50,MYH1,MT2A,E2F8,MYH4,MTNR1B,GLP2R,GNAO1,EGF,BUB1B,MMP3,PLK1,MMP1,MT1E,MT1F,FOXM1,E2F1,MYH7,CCL20,MMP9,CDC20,GLP1R,ADRA1D,MT1G,ADRA1A,IGF1,MT1X,CDK1,MYH8,GNG4,MYH13
GSM4284605,0,0,890,137,0,1,1,1,0,80,0,52,6,5,1,150,1118,0,17,14,149,1,1,16,181,499,636,234,0,157,0
GSM4284606,0,0,9332,2,0,1,6,779,1,4,1,56,0,3145,999,90,8,7,9,20,7,2,0,4589,1500,641,3895,3,0,0,1
GSM4284607,0,1,451,123,2,2,22,496,526,482,1,575,209,31,16,2857,1141,0,740,190,1019,2,5,38,77,408,77,1505,1,4,1
GSM4284608,0,2,18706,14,3,8,44,744,226,102,1,106,32,4822,1966,385,126,1,1081,14,140,7,3,9690,1913,1260,2507,186,2,2,0
GSM4284609,1,1,2558,18,1,1,5,165,1,22,1,38,9,541,36,139,76,2,155,184,54,1,0,196,786,2267,774,79,0,6,1
GSM4284610,0,1,26614,6,202,1,26,447,1,8,1,27,0,8838,1078,90,21,1,118,57,16,3,0,5352,1242,3640,7200,32,1,4,1
GSM4284611,0,6,1920,127,5,1,7,1211,8,508,1,526,60,687,181,653,325,1,70,113,1079,371,61,44,1,424,80,1408,3,2201,44
GSM4284612,0,1,27215,4,1,1,32,680,1,15,1,11,33,8854,1769,84,19,5,89,106,10,2,0,5774,1246,2399,5786,67,1,2,1
GSM4284613,0,1,999,40,0,1,2,6,0,30,0,32,1,233,15,178,355,0,70,39,48,2,1,80,456,2360,289,208,1,856,1
GSM4284614,0,2,13211,6,8,1,8,574,1,11,1,46,0,3056,247,83,26,1,42,4,24,0,0,909,875,414,1115,7,2,3,3
GSM4284615,0,0,893,20,2,1,1,152,0,22,0,40,0,3,80,80,34,0,68,10,27,1,1,263,418,713,165,67,0,1,1
GSM4284616,0,1,7028,1,91,1,18,148,1,9,2,25,0,1079,161,64,22,7,7,48,6,3,3,231,639,571,1364,17,0,18,1
GSM4284617,1,0,31958,43,1,1,3,222,113,136,2,73,34,20118,12799,268,439,1,188,106,286,1,8,39479,45,1748,16228,986,1,1,1
GSM4284618,0,1,31255,1,1,1,48,1093,1,2,2,22,1,13965,2366,67,13,1,12,16,11,5,6,13028,1689,2692,5353,18,0,6,0
GSM4284619,0,0,4450,7,0,1,11,104,0,10,1,28,11,974,130,28,22,0,113,44,8,1,1,443,19,115,359,20,0,1,5
GSM4284620,1,0,18355,7,1,1,3,157,0,10,2,44,12,4803,159,78,27,2,510,18,10,3,1,561,619,300,2267,10,0,1,1
GSM4284621,0,1,990,190,63,1835,1,59,9,207,0,132,0,230,129,742,1350,0,2235,19,450,3,3,12,1103,624,254,804,1,16,1
GSM4284622,0,12,26074,4,3582,3,11,403,0,11,1,23,1,9984,2239,77,29,5,750,25,26,2,3,12304,1092,1419,3599,29,1,3,5
GSM4284623,0,4,3630,107,2,1,1,1141,2,152,34,337,26,1544,129,1376,786,0,490,32,601,1,7,704,258,158,654,387,1,1,1
GSM4284624,1,1,31146,10,4,1,25,469,1,14,1,14,0,11424,3974,90,41,3,304,87,25,1,0,25392,1279,2596,8670,31,2,4,2
GSM4284625,0,58,670,105,1480,578,2,204,2,320,1,124,94,227,38,213,798,0,893,66,412,1,0,93,1413,1117,41,504,35,52,3
GSM4284626,4,1,13876,20,1,3,9,463,0,38,1,55,0,4486,1036,149,120,3,105,26,50,4,0,5000,928,478,2179,76,1,9,0
GSM4284627,0,59,695,252,63,1,0,6,13,735,125,902,36,111,22,1189,800,3,2099,124,1422,16,1,70,20,177,55,1012,26,6,1
GSM4284628,0,1,8598,1,2,1,5,121,0,3,3,15,0,2359,467,37,29,1,39,3,9,0,0,2413,843,476,635,11,0,1,1
GSM4284629,0,0,612,149,0,1920,1,208,1,440,0,273,12,207,20,2609,697,0,533,56,928,2,0,32,116,49,59,624,1,220,0
GSM4284630,1,0,39999,6,8,1,139,628,1,13,0,26,0,9712,3194,92,58,4,1537,24,17,0,14,16569,942,435,3992,43,1,11,1
GSM4284631,0,1,3613,14,1,1,21,113,4,44,1,41,20,980,138,130,73,4,153,856,36,2,9,681,313,638,519,109,1,21,1
GSM4284632,0,1,11302,1,0,1,135,522,0,2,1,8,0,6138,907,97,14,2,5,14,6,0,3,6264,678,1156,3627,7,0,4,1
GSM4284633,0,0,7924,123,1,1,1,19,0,164,1,192,6,3727,541,679,116,0,33,39,619,1,1,6353,2066,773,1707,472,0,6,1
GSM4284634,0,1,14042,16,55,2,27,404,1,17,1,25,1,4807,1065,104,65,4,246,48,13,1,3,5109,1003,1218,1877,32,1,11,1
GSM4284635,0,1,3815,20,1,1,8,171,1,19,0,19,29,825,14,93,97,0,75,8,72,1,3,249,1094,1019,645,65,1,42,1
GSM4284636,0,3,20791,5,18,1,42,1033,0,8,2,31,0,6657,967,97,28,3,114,41,19,3,0,4376,1167,2374,4319,20,2,1,2
GSM4284637,0,49,910,13,23112,1,2,19,1,18,0,45,0,110,22,69,74,1,116,79,28,1,4,8,14,354,36,99,3,111,28
GSM4284638,0,0,21673,2,87,1,5,182,1,8,0,21,1,5786,356,36,29,4,50,25,11,1,0,899,897,762,2772,6,1,9,1
GSM4284639,1,2,19071,9,1,0,25,128,1,17,1,32,1,3336,327,68,36,0,25,401,14,0,6,2438,104,908,2343,72,1,2,2
GSM4284640,5,2,6968,7,72,1,8,217,0,13,0,63,0,754,179,31,37,1,7,14,8,0,1,402,531,1048,905,1,1,1,0
GSM4284641,0,1,982,61,1,1,3,86,9,110,3,109,114,36,52,212,251,0,220,169,293,1,0,24,69,332,44,212,1,3,1
GSM4284642,0,0,49042,3,1,1,22,433,1,3,1,16,1,17102,2383,51,11,0,447,41,14,0,1,9895,1004,3888,15127,19,1,1,1
GSM4284643,0,31,3124,8,807,1,0,11,3,8,1,11,9,2112,209,34,31,0,30,23,36,1,1,260,90,678,572,37,11,149,1
GSM4284644,0,0,22957,2,0,1,10,714,1,2,1,14,0,9774,3266,52,26,0,11,7,10,1,0,11663,2122,1557,6496,5,1,1,1
GSM4284645,0,1,4808,4,1,1,44,558,0,3,1,31,0,2044,326,87,14,2,19,56,2,1,4,2767,1401,527,690,8,1,3,1
GSM4284646,3,0,10524,242,1,1,0,55,1,47,11,77,17,3216,86,295,155,0,1,96,118,2,1,2371,698,885,3652,79,0,430,1
GSM4284647,1,5,10259,5,224,1,5,80,5,17,1,22,30,1895,163,61,24,0,56,51,24,1,13,999,8,4641,927,103,2,9,9
GSM4284648,0,0,865,1,0,0,0,81,0,2,0,13,0,143,39,7,0,1,4,7,1,0,0,163,215,64,141,0,0,0,0
GSM4284649,1,0,1634,540,1,1,78,73,1,735,327,759,1331,176,39,1288,1009,2,274,1193,3519,1,9,103,43,100,89,2051,1,5,1
GSM4284650,0,1,12358,10,29,1,61,380,1,10,0,31,8,2982,1072,65,90,1,103,38,18,1,1,5065,1094,1065,1848,38,0,1,1
GSM4284651,0,1,32300,39,1,1,5,208,25,55,54,76,34,11687,8590,184,121,0,3075,416,189,2,11,34404,27,502,6218,169,1,1,1
GSM4284652,0,2,9947,6,1,1,41,135,2,16,1,17,8,3024,372,64,21,1,167,79,17,1,4,2264,679,823,924,27,1,3,1
GSM4284653,0,0,382,14,1,0,0,7,1,53,0,45,1,78,8,81,115,0,25,6,50,1,0,9,331,548,51,37,1,0,1
GSM4284654,0,0,2612,7,0,1,2,254,1,12,0,16,0,441,78,33,43,2,10,11,27,1,0,301,157,156,223,9,0,1,2
GSM4284655,0,0,3123,16,1,1,6,299,0,19,1,40,0,1034,76,102,45,3,78,68,23,2,5,140,284,1014,477,77,0,1,1
GSM4284656,1,1,21076,7,9,1,14,226,0,10,0,50,0,7846,1284,128,81,9,122,59,14,15,0,5377,1360,1335,3780,18,0,1,1
GSM4284657,0,1,24694,2,1,1,10,169,1,6,1,5,6,5487,667,23,18,0,360,156,2,1,2,4507,887,609,4425,14,1,3,1
GSM4284658,0,7,1013,21,2234,1,3,42,0,15,4,58,0,135,19,210,126,0,64,60,75,4,0,22,20,657,107,49,1,3,3
GSM4284659,0,1,13045,31,1,1,2,37,1,61,1,62,405,3105,718,97,50,0,87,25662,74,1,0,2330,1,49,1685,86,1,5,2
GSM4284660,4,0,32092,0,1,1,23,196,0,2,1,2,12,9931,4414,31,5,4,74,16,1,0,1,23116,1421,3825,6543,6,1,1,1
GSM4284661,5,1,13562,11,2,1,44,47,1,21,1,44,63,2877,145,57,32,0,44,1677,19,0,14,1125,2,1662,1397,67,1,6,3
GSM4284662,0,1,18475,6,8,1,32,896,0,13,0,48,0,3665,1209,75,16,1,34,26,17,1,1,6679,1327,501,4251,18,1,0,1
GSM4284663,0,0,28845,38,1,1,1,495,16,52,4,64,9,8864,918,167,115,1,28,82,82,1,3,2757,886,284,3591,136,0,7,0
GSM4284664,0,0,47076,6,2,1,24,392,1,8,1,11,1,14377,3894,48,18,4,39,25,16,1,1,18636,1514,1751,9282,37,1,1,0
GSM4284665,1,0,582,96,1,1,2,12,1,287,2,402,82,67,68,860,586,2,2403,498,732,2,0,20,2,442,39,704,0,5,1
GSM4284666,0,1,41002,1,3,1,43,773,0,3,0,24,1,11014,4665,64,11,1,25,23,8,6,3,30264,1759,1277,8809,17,1,2,0
GSM4284667,0,138,2309,98,174,1,1,626,0,57,3,94,0,671,22,213,515,0,138,52,239,2,5,138,2390,941,478,48,61,1,1
GSM4284668,1,1,20840,7,1,4,77,296,1,7,1,20,1,7024,1013,164,27,10,137,45,12,1,9,4591,1021,209,3139,25,0,1,1
GSM4284669,1,1,145,124,1,1,1,68,1,210,0,283,6,33,11,580,699,1,52,7,503,1,20,4,271,855,4,470,1,2162,1
GSM4284670,0,0,9644,29,60,1,5,346,1,14,0,46,0,1968,579,108,171,0,31,14,52,1,0,1974,1023,1463,2744,39,1,1,1
GSM4284671,1,0,4642,43,0,1,2,3,1,44,2,41,37,840,12,210,231,1,11,16,165,1,0,520,164,70,549,250,0,3,1
GSM4284672,1,0,5249,4,22,1,4,220,2,4,0,15,0,1430,230,32,19,0,39,42,5,0,0,866,272,345,579,10,0,0,0
GSM4284673,0,0,334,5,0,1,45,481,0,5,0,10,0,23,0,68,59,0,173,24,17,1,0,1,51,93,83,16,0,3,0
GSM4284674,0,0,19564,1,0,1,6,285,0,3,1,38,1,4361,1080,25,8,2,1,13,2,0,0,2411,1261,1078,3848,4,0,1,0
GSM4284675,0,1,1104,126,0,1,1,40,1,156,1,194,15,3,61,559,404,1,5037,88,504,1,2,83,46,1374,81,270,0,7160,1
GSM4284676,0,0,21477,9,1,1,11,507,1,11,1,50,1,7641,1375,99,37,2,34,10,22,1,1,7438,1832,3197,4859,24,0,1,0
GSM4284677,0,1,9912,139,0,1,0,4,1,150,0,151,12,7273,85,257,400,0,384,38,285,0,0,999,130,400,871,830,0,4,0
GSM4284678,1,2,23598,14,222,2,13,242,1,18,2,69,0,7719,1641,115,75,1,207,77,24,2,0,5825,1342,1231,3421,25,1,13,1
GSM4284679,2,7,661,16,4706,1,6,63,1,49,0,84,0,120,53,75,87,0,253,90,60,3,1,99,43,148,69,17,1,1,7
GSM4284680,1,0,4350,1,0,0,7,257,0,4,0,17,0,1715,332,13,16,1,0,3,5,0,0,1515,363,66,441,4,0,1,1
GSM4284681,0,0,172,9,0,1,0,1,1,14,2,15,0,30,9,139,64,0,36,18,6,1,89,50,3,277,21,7,0,338,0
GSM4284682,5,4,282,4,6,1,7,39,2,2,2,5,0,50,28,4,6,14,4,3,4,10,4,42,51,190,22,0,9,5,4
GSM4284683,0,0,580,6,0,0,0,23,0,12,0,11,0,108,6,50,34,0,60,6,15,1,0,39,2,44,25,6,0,0,0
GSM4284684,0,1,9531,2,2,0,15,201,0,19,1,36,0,2038,85,53,15,2,26,125,6,3,6,489,576,104,1212,18,1,3,1
GSM4284685,0,0,2706,23,0,1,1,15,1,61,1,66,0,227,34,78,65,0,195,48,72,0,0,506,19,5,306,14,0,1,0
GSM4284686,0,0,3536,4,3,1,4,239,0,11,0,33,0,588,151,18,10,0,0,7,3,0,1,917,344,73,353,3,0,1,2
GSM4284687,0,0,369,79,0,1,1,18,124,151,0,124,6,18,30,407,244,1,321,33,407,0,4,8,168,14,8,195,0,974,1
GSM4284688,1,0,6499,19,3,1,28,614,27,25,1,45,5,1509,638,169,52,3,42,12,58,1,1,2248,1660,701,1233,32,1,97,0
GSM4284689,0,38,772,115,78,1,82,457,21,125,5,282,94,64,67,520,303,15,840,76,419,693,40,62,21,1163,67,244,13,12,4
GSM4284690,0,0,14474,4,1,1,3,719,1,5,1,27,1,3429,860,61,36,2,48,11,27,3,3,5302,991,2897,1891,24,1,1,0
GSM4284691,0,0,3853,16,0,1,1,12,0,37,136,48,72,680,11,134,46,0,3793,100,137,62,374,81,36,67,498,128,1,3,1
GSM4284692,0,0,22721,3,1,1,35,770,1,6,2,21,0,5813,1951,66,30,3,31,19,12,4,0,13932,1682,2528,4602,18,1,0,1
GSM4284693,0,17,3490,72,197,1,2,45,1,143,1,177,97,944,151,525,202,0,2183,124,225,890,0,1144,149,1655,484,513,8,8,1
GSM4284694,0,1,26917,2,1,1,14,1084,1,4,1,35,1,5994,2258,69,38,1,35,22,6,2,4,9404,1348,1708,5342,23,1,3,2
GSM4284695,1,0,485,344,0,1,0,19,1,236,0,324,23,95,1,829,1286,1,22,7,826,1,0,0,149,66,57,1160,0,195,0
GSM4284696,0,2,4505,11,1,1,45,1252,0,22,1,74,0,1119,132,117,43,4,19,27,23,7,0,415,1329,1752,476,17,0,4,1
GSM4284697,0,1,7998,10,1,1,0,282,1,16,0,31,0,6205,1623,88,54,0,31,7,116,1,0,8878,263,220,1407,78,1,0,0
GSM4284698,4,0,13124,4,7,1,13,446,0,13,1,30,0,2681,1515,112,47,3,21,45,11,1,1,7037,1387,2005,2154,19,1,1,1
GSM4284699,1,1,1251,143,1,1,3,13,579,653,10,441,36,288,45,578,458,2,1025,93,1429,1,65,131,34,253,107,695,0,309,1
GSM4284700,0,0,6863,4,0,0,6,184,0,9,1,45,0,1310,144,38,24,4,25,52,9,2,0,303,579,498,409,13,0,3,0
GSM4284701,1,1,9044,56,2,1,2,37,2,135,0,155,631,1462,265,250,203,0,121,25055,260,1,15,1458,215,583,595,394,1,24,5
GSM4284702,1,1,36091,14,24,1,27,365,0,12,1,20,1,6613,1980,89,45,2,535,50,12,1,0,8190,1224,894,4064,10,1,7,1
GSM4284703,0,1,6240,43,0,1,0,217,1,37,0,34,1,1879,47,110,112,0,0,125,59,1,1,698,241,3910,3004,117,1,1,1
GSM4284704,0,0,42875,10,0,0,11,218,0,20,1,24,0,10691,2006,61,31,2,46,45,24,3,0,13127,604,3170,7126,50,0,2,0
GSM4284705,0,0,7145,2,0,1,10,393,0,6,0,14,0,1427,288,47,9,1,10,6,3,0,1,2196,1047,1391,1144,8,0,1,1
GSM4284706,0,0,11827,1,0,1,20,746,1,2,0,31,0,2381,1095,44,12,5,9,3,4,0,3,5658,1593,2726,2220,1,0,2,1
GSM4284707,0,0,64,111,1,1,0,9,0,128,1,292,1,5,1,452,344,0,374,56,270,1,3,0,19,14,1,138,0,5,1
GSM4284708,0,0,7133,1,0,1,1,150,0,3,0,3,0,1454,329,4,3,1,4,7,4,0,0,990,292,709,968,3,1,0,0
GSM4284709,0,1,3328,1,0,0,8,3,1,0,1,7,5,2276,1039,10,6,0,94,83,2,1,24,2377,1,31,1685,6,0,1,1
GSM4284710,0,3,11491,12,188,1,21,306,0,19,1,38,0,3674,704,94,59,1,303,38,31,2,3,2188,803,1005,1444,31,1,3,4
GSM4284711,0,0,32,38,0,0,1,3,0,111,0,89,0,2,4,149,413,0,5,3,41,0,0,9,8,25,3,11,0,0,1
GSM4284712,0,0,3377,0,1,0,6,12,0,0,0,1,4,995,206,2,0,0,0,1,0,0,0,1969,7,57,484,0,0,0,0
GSM4284713,0,0,1163,22,0,1,1,88,1,24,0,53,0,92,5,169,179,0,105,9,48,0,3,11,1020,571,1129,66,0,1,0
GSM4284714,0,2,17069,12,1,1,17,454,2,35,1,56,1,3573,730,104,54,1,283,144,73,3,1,5378,721,533,1844,78,2,8,1
GSM4284715,0,0,8908,25,1,1,1,46,0,27,1,22,45,5200,1353,76,263,0,188,48,52,1,2,10320,1474,682,3807,147,0,2,0
GSM4284716,0,0,8150,3,1,1,19,439,0,6,1,35,0,1845,1013,85,38,3,17,41,7,2,8,4463,1037,283,1955,4,0,2,2
GSM4284717,261,33,2352,128,47,1,0,2,85,527,110,586,562,470,47,931,324,0,26,33710,1334,2,32,60,84,22,150,1570,29,10,142
GSM4284718,0,1,41386,7,83,1,40,682,1,17,3,26,15,10856,3604,83,25,1,387,66,23,2,0,23842,1991,2140,4938,59,0,6,1
GSM4284719,0,2,33205,32,157,1,3,450,1,33,0,30,0,8550,2315,98,80,0,465,65,53,1,0,7409,1574,2259,3390,125,0,2,1
GSM4284720,0,3,19675,9,530,1,59,603,7,6,3,29,0,5952,1136,101,26,1,255,107,29,4,0,6543,1420,1065,2531,52,1,36,1
GSM4284721,0,1,967,72,5,82,18,318,1,79,42,59,208,152,42,120,208,0,905,48,228,1,5,72,56,162,207,431,1,1,0
GSM4284722,0,3,27457,7,813,1,20,425,2,9,1,11,0,9214,1172,57,68,0,295,23,29,1,1,4189,875,2107,2068,23,1,2,2
GSM4284723,1,0,681,14,1,1,3,15,0,16,0,32,7,90,9,66,68,0,69,163,43,1,1,36,117,679,400,60,0,8,0
GSM4284724,0,4,21837,12,625,1,33,1011,1,13,2,25,1,6646,2677,68,96,0,199,73,14,1,1,15452,1244,1731,4741,48,1,3,1
GSM4284725,0,1,1665,104,0,1,2,25,0,475,2,393,268,329,160,562,375,1,2729,1292,992,0,4,852,2,39,314,930,1,3,1
GSM4284726,0,2,28302,2,6,1,27,1155,1,4,2,26,0,7509,4860,53,12,0,342,13,10,1,3,25873,1532,705,4652,7,1,0,1
GSM4284727,0,7,2647,176,540,237,1,4,1,522,1,510,28,1245,542,823,647,0,2390,786,1303,0,288,1703,24,245,237,1325,3,610,1
GSM4284728,0,0,28184,4,1,1,20,719,1,3,1,16,0,9006,3943,53,23,0,23,10,12,1,4,35217,1603,3683,6527,18,0,0,0
GSM4284729,0,0,3112,86,1,1,9,7,155,298,1,739,18,2041,841,881,336,0,147,1001,1354,332,3,1931,2,7,300,1564,0,198,0
GSM4284730,0,1,26944,2,1,1,16,668,0,4,2,36,1,11280,3974,80,8,0,0,17,9,3,3,15498,2017,3356,7569,20,0,0,1
GSM4284731,1,0,1281,99,0,0,55,20,0,293,32,388,44,699,96,1239,1179,2,561,119,527,1,4,132,2,258,130,423,1,3,9
GSM4284732,0,0,13419,4,1,1,5,184,1,5,1,17,0,3936,1419,47,23,0,32,8,9,0,0,10416,743,506,2182,10,0,1,1
GSM4284733,0,0,7482,61,0,1,0,36,0,81,1,14,88,4203,63,252,562,0,137,3,271,0,4,600,961,642,2647,494,0,373,0
GSM4284734,0,1,16282,2,23,1,8,273,1,3,0,16,0,4829,420,37,9,3,203,33,13,0,3,1664,689,406,2453,11,1,8,1
GSM4284735,1,0,11291,65,1,1,1,61,30,51,0,79,0,2200,53,197,102,1,208,78,111,1,1,120,614,483,168,204,1,20,1
GSM4284736,0,0,18206,14,3,1,13,779,0,7,1,24,5,6782,2658,88,42,1,77,9,26,1,1,10919,1354,1863,2155,33,0,1,1
GSM4284737,0,1,3845,809,0,1,6,155,2,154,912,965,55,1620,890,373,274,4,1055,21,313,1,8,3754,149,176,821,798,0,1,1
GSM4284738,0,1,20713,3,0,1,9,890,1,2,4,19,1,8091,3425,28,7,0,11,4,8,1,1,20399,1100,1278,6570,4,1,0,1
GSM4284739,0,43,954,16,17940,1,6,34,29,41,1,51,12,28,18,65,33,1,205,1861,75,3,0,1,7,30,24,125,2,2,30
GSM4284740,0,1,9890,19,1,1,7,378,0,22,3,22,0,2117,572,77,36,4,317,139,39,2,1,2488,737,469,926,65,1,13,1
GSM4284741,0,4,4262,11,5,1,12,251,1,24,22,32,25,1116,44,89,28,0,37,1421,24,1,5,537,84,1493,1129,79,2,61,6
GSM4284742,0,1,19603,6,23,1,24,811,2,10,2,29,0,6565,942,71,25,0,17,36,22,6,0,4046,1149,571,3015,19,1,1,2
GSM4284743,0,0,657,53,0,2,5,410,81,51,10,36,18,69,7,152,360,0,361,25,83,1,3,36,351,159,53,171,1,3,1
GSM4284744,0,0,10210,2,0,1,9,286,1,8,1,17,0,1950,277,61,13,0,5,19,18,2,1,1193,1326,4069,1791,9,0,1,0
GSM6616574,3,0,4030,29,0,0,133,95,0,25,0,59,3,551,50,174,102,0,569,339,67,12,10,91,70,180,427,68,0,1,8
GSM6616575,0,10,152,63,1844,1,48,25,0,111,1,264,14,25,8,400,238,0,143,40,150,0,0,7,6,44,9,317,1,62,2
GSM6616576,1,44,102,137,4568,436,1,36,7,260,7,264,19,112,94,891,293,10,9124,177,366,142,10,32,29,37,21,571,16,432,13
GSM6616577,3,0,965,147,0,14,1,19,2,555,0,453,52,1044,338,1315,400,3,1201,516,805,59,1,580,18,46,267,617,0,406,0
GSM6616578,0,3,1579,18,18,0,11,104,0,53,0,71,39,60,18,110,103,1,282,53,139,315,8,7,48,878,226,105,0,156,1
GSM6616579,1,2,540,48,1332,1,4,30,0,79,0,87,17,5,11,184,105,0,437,25,126,0,1,1,194,2295,148,100,0,22,4
GSM6616580,4,58,82,201,3103,11,0,19,0,189,0,253,0,7,7,712,549,0,39,4,315,0,1,7,786,738,154,394,18,0,1
GSM6616581,0,0,2382,118,0,0,0,56,3,141,5,188,4,1151,103,504,262,0,8,14,242,1,0,528,106,29,343,310,0,215,0
GSM6616582,0,0,10274,21,0,0,4,432,0,43,40,102,16,2664,80,225,161,0,214,723,129,3,5,542,54,273,1407,85,0,148,0
GSM6616583,0,0,895,115,0,0,0,69,0,130,0,164,6,389,17,381,456,0,72,28,198,0,5,90,1162,4745,160,131,0,1,0
GSM6616584,0,6,68,193,3992,445,0,17,1,222,7,237,6,6,2,675,569,0,622,65,233,53,22,0,97,188,2,577,0,48,10
GSM6616585,0,0,953,129,0,0,10,63,0,227,0,510,126,148,21,1132,327,1,346,1405,527,28,1,52,7,42,98,592,0,1350,0
GSM6616586,1,0,132,140,5,6,0,4,2,222,2,982,30,7,5,974,762,0,2857,435,716,14,0,13,3,2316,14,1014,0,9,0
GSM6616587,0,0,4887,36,1,17,2,315,1,33,0,64,1,2273,109,179,79,0,727,86,38,4,0,759,2583,1317,1110,83,0,5,1
GSM6616588,0,0,3271,12,0,0,0,137,0,18,416,29,369,848,10,103,43,1,26,41,38,5,4,219,292,572,590,51,0,0,0
GSM6616589,0,0,410,204,0,0,0,232,2,252,0,304,12,43,17,622,2197,0,40,18,264,0,0,9,616,519,39,400,0,7,0
GSM6616590,1,0,1041,104,0,3,0,1306,1,203,1,227,27,8,32,620,325,0,193,132,321,1,7,171,196,231,204,331,0,1020,0
GSM6616591,0,23,1313,20,18602,0,0,130,1,29,0,48,3,48,28,110,124,0,80,120,70,14,0,34,263,553,309,75,7,27,16
GSM6616592,0,3,1510,33,2102,0,4,49,182,53,0,81,3,266,46,176,183,0,418,53,129,0,10,119,30,112,61,165,3,19,8
GSM6616593,0,0,1491,6,4,1,1,562,1,17,1,24,5,444,25,119,118,3,144,18,47,3,0,240,134,202,82,36,2,0,0
GSM6616594,0,46,5664,53,10,0,10,7,133,168,9,393,184,1093,100,690,520,0,339,5403,650,0,0,204,2,91,1013,268,31,23,105
GSM6616595,0,0,301,89,10,0,60,17,0,235,0,291,0,53,4,1030,308,1,1024,352,298,201,0,17,38,77,18,577,0,523,9
GSM6616596,0,0,561,96,0,0,0,239,1,167,0,224,0,361,34,412,452,0,78,58,249,0,0,25,8,908,43,267,1,7,0
GSM6616597,0,1,4173,76,17,1,1,13,1,134,0,267,0,1706,549,523,213,0,291,142,161,46,24,2169,26,19,458,372,0,61,0
GSM6616598,2,9,4654,57,3666,4,1,36,21,113,163,280,199,45,23,302,308,1,3845,3981,366,0,88,110,202,71,496,198,0,21,8
GSM6616599,0,0,571,77,113,0,1,22,343,146,3,380,101,15,15,518,405,0,1500,1781,295,1,206,11,54,163,20,364,0,119,0
GSM6616600,0,4,569,120,11,0,3,11,0,262,0,332,5,47,14,1003,434,1,4834,2266,334,127,17,36,1,103,53,428,0,458,1
GSM6616601,0,12,1101,223,717,2,2,45,0,157,0,454,6,678,58,999,972,0,13,73,453,1,0,50,149,120,94,340,11,35,39
GSM6616602,0,0,3581,72,11,23,32,130,13,110,0,108,1,997,87,402,177,0,510,205,200,16,0,691,902,1686,465,220,0,6,0
GSM6616603,23,32,5493,153,32,39,5,317,0,222,0,679,0,2001,280,942,824,0,1156,132,1594,25,0,896,207,1382,368,461,12,11,1
GSM6616604,0,4,1085,137,0,1,6,442,1,281,1,541,19,187,46,1384,323,4,401,496,446,29,5,159,2,74,235,426,1,1572,5
GSM6616605,1,1,3006,74,120,1,4,113,1,124,0,147,6,1169,19,349,213,0,128,206,294,188,0,170,371,511,173,166,0,14,0
GSM6616606,0,32,548,25,12091,13,1,16,0,43,0,61,7,7,1,163,106,1,563,172,70,1,0,1,306,160,19,110,2,26,19
GSM6616607,0,0,282,100,0,0,0,8,0,208,0,250,8,34,5,714,223,0,523,339,354,123,0,16,5,150,56,343,0,175,0
GSM6616608,1,0,2544,97,30,0,11,1185,39,156,4,200,110,1501,146,435,564,0,303,142,410,52,0,731,265,1168,261,391,0,200,0
GSM6616609,0,0,22331,11,1,0,32,228,0,6,0,11,0,8050,1244,29,25,3,17,26,9,0,1,7422,866,946,3329,14,0,0,0
GSM6616610,0,14,454,63,4287,0,13,14,1,112,0,149,1,28,11,533,306,1,609,138,181,8,89,9,9,143,23,289,1,151,11
GSM6616611,0,2,64490,14,55,0,14,278,4,9,0,44,0,20394,13679,87,61,0,20,31,35,0,0,116683,1515,1196,32776,31,0,0,0
GSM6616612,1,0,63166,63,1,0,9,76,36,125,1,159,5,22799,14989,336,270,0,98,116,181,1,1,44290,193,259,11623,157,0,0,0
GSM6616613,0,17,1018,103,13,1,9,13,17,165,20,446,40,72,55,422,377,18,330,139,345,0,10,179,13,19,158,234,3,16,4
GSM6616614,1,0,17965,34,0,0,0,8,0,44,0,53,13,8813,1227,200,75,0,3,16,87,0,1,6774,36,14,2757,71,0,4,0
GSM6616615,0,0,4426,71,0,0,0,34,1,77,0,76,11,1674,23,175,254,0,26,11,123,1,0,576,1438,598,879,177,0,153,0
GSM6616616,1565,2,480,57,1315,23,4,31,0,103,0,183,11,74,17,355,231,0,1146,1409,156,93,17,32,61,271,45,237,1,27,6
GSM6616617,0,0,3701,65,0,0,15,9,0,145,2,250,79,1577,125,720,259,0,785,1531,343,3,7,423,5,64,422,415,0,445,0
GSM6616618,3,36,7005,38,847,2,18,283,11,43,9,52,4,1943,40,102,106,26,22,21,68,7,17,77,1357,1471,1341,77,15,4,36
GSM6616619,0,10,2385,104,7,0,115,126,85,261,16,397,17,597,103,870,278,0,610,409,279,195,17,250,68,268,221,416,0,13,0
GSM6616620,0,1,998,219,39,2097,0,609,415,174,0,287,21,179,25,694,598,0,555,30,236,3,5,45,1078,444,223,407,0,0,0
GSM6616621,0,2,724,43,0,0,13,326,248,147,0,186,21,142,10,307,264,0,193,106,261,0,42,13,79,199,234,162,0,8,0
GSM6616622,1,0,3481,94,2,514,0,4,0,123,0,239,21,1470,285,805,455,0,370,256,465,326,4,1046,765,2453,472,314,0,115,0
GSM6616623,0,0,557,73,0,795,2,184,236,139,3,257,4,188,19,577,456,0,299,312,409,1,0,135,528,294,117,550,0,42,0
GSM6616624,0,11,2759,84,1,0,0,33,0,228,6,304,7,1044,272,758,382,0,336,451,337,3,4,535,55,50,299,411,9,592,9
GSM6616625,1,51,576,39,8312,1,14,41,0,34,1,63,0,91,11,186,264,0,332,55,40,5,13,13,145,541,67,70,2,99,15
GSM6616626,2,3,330,104,2,11,1,5,471,137,0,221,0,1,37,706,1584,0,94,28,357,3,0,7,25,1094,22,225,0,52,0
GSM6616627,2,8,351,54,7,0,1,11,0,62,0,91,3,13,9,240,112,0,187,98,72,1,0,0,459,843,216,108,1,0,0
GSM6616628,0,0,2400,138,3,0,2,52,529,392,3,462,117,588,89,609,513,0,112,73,570,0,1,371,18,91,210,484,1,4,0
GSM6616629,0,123,3539,1,33455,93,1,427,5,17,1,35,9,423,173,73,90,0,37,30,53,0,1,264,188,2343,204,22,21,4,1
GSM6616630,1,0,7933,69,0,0,2,7,51,175,61,284,17,2115,114,623,304,1,302,1332,311,6,213,688,118,130,330,208,0,43,0
GSM6616631,0,0,5451,20,0,8,0,465,2,44,1,49,38,1796,843,181,270,0,214,43,142,0,1,1694,598,108,853,84,0,102,0
GSM6616632,1,4,4351,90,9,2,1,762,90,114,3,235,70,1806,58,514,330,1,1475,113,303,9,5,323,74,508,241,220,1,36,1
GSM6616633,2,55,2650,119,741,102,0,116,0,160,1,418,59,200,29,740,542,0,719,4899,535,23,13,64,309,998,179,232,38,25,3
GSM6616634,0,0,1120,122,0,2,0,8,0,344,22,707,16,862,166,1370,424,0,5319,420,740,4,0,578,2,23,256,748,0,241,0
GSM6616635,0,1,136,63,2,3,3,245,0,113,0,167,0,44,3,433,173,0,15,11,223,0,0,6,1,346,23,149,1,0,0
GSM6616636,1,14,5586,37,18383,0,1,7,0,81,0,171,3,256,96,365,229,0,1401,255,161,5,48,67,37,284,229,184,2,65,15
GSM6616637,0,0,518,147,0,8,31,25,2,283,3,218,76,150,23,761,375,0,3138,218,319,0,1,40,14,30,54,482,0,9,0
GSM6616638,0,2,1151,51,42,0,2,332,0,73,0,66,15,546,131,215,262,0,122,48,79,0,0,674,95,17,95,135,0,250,1
GSM6616639,2,0,16023,3,19,0,15,242,0,6,0,9,1,4795,1459,22,23,0,1,1,7,0,0,6971,977,2169,1800,15,0,1,0
GSM6616640,0,0,19229,0,0,0,23,648,0,4,0,12,3,4823,1362,28,11,4,19,38,10,0,0,5055,858,512,2688,9,0,1,0
GSM6616641,0,0,24896,0,0,0,6,580,0,3,0,20,2,9830,1089,30,5,3,12,26,5,0,0,6429,1365,1245,3991,17,0,1,0
GSM6616642,0,0,22882,6,0,0,38,479,0,8,0,9,4,6871,3102,38,17,1,38,20,15,0,0,15541,1409,2640,3894,18,0,0,1
GSM6616643,0,0,41493,0,0,0,13,447,0,3,0,8,0,10491,3403,20,8,0,133,5,10,4,0,9881,517,1323,5907,6,0,0,0
GSM6616644,1,0,60885,3,0,0,14,635,1,0,0,7,0,14970,3808,19,4,0,87,1,4,0,5,24743,992,1867,5833,9,0,0,0
GSM6616645,0,0,36912,0,0,0,20,363,0,4,0,5,5,9694,2770,22,9,0,27,77,5,0,0,12446,1876,1954,7889,8,0,2,0
GSM6616646,1,0,47245,0,1,0,22,622,0,5,0,7,3,16013,2085,21,7,7,30,5,6,0,6,11976,1208,2256,10882,8,0,0,0
GSM6616647,0,0,47201,3,0,0,35,323,0,6,4,6,6,11990,1683,11,18,0,447,74,7,0,0,9008,641,1788,6154,8,0,3,0
GSM6616648,0,0,28238,2,1,0,2,747,0,5,0,11,0,7767,1452,27,8,1,44,15,14,0,3,10488,867,2548,4220,14,0,1,0
GSM6616649,0,0,27549,0,0,0,10,179,0,1,0,7,0,10920,2590,22,1,1,2,1,0,0,0,9113,1118,1972,4922,0,0,0,0
GSM6616650,0,0,22889,5,0,0,5,745,0,10,1,5,0,5376,1273,36,59,0,514,4,10,0,0,6565,738,2009,2972,13,0,0,0
GSM6616651,1,0,5999,36,7,4,13,76,3,314,6,550,17,1457,309,305,537,4,1066,627,553,113,3,791,110,398,489,736,0,3,0
GSM6616652,0,0,44588,0,0,0,27,446,0,5,0,11,7,15652,3210,18,9,3,15,1,1,0,0,11518,2072,1281,10333,4,0,0,0
GSM6616653,0,1,16242,4,0,0,33,537,2,7,0,10,4,5760,472,34,13,5,85,51,8,0,0,4043,1530,1198,2901,26,0,3,0
GSM6616654,0,0,32303,3,0,0,15,554,0,0,0,7,2,12361,3768,31,18,0,8,27,5,0,3,16896,718,1162,5944,7,0,0,0
GSM6616655,0,0,24765,0,0,0,39,496,0,5,1,8,1,5680,2771,31,10,1,14,12,4,0,0,23467,1120,1138,3929,5,0,4,0
GSM6616656,0,0,33107,6,240,0,9,418,0,11,0,15,0,6233,3512,37,46,1,41,77,9,0,1,35849,1077,1711,4863,17,0,3,1
GSM6616657,0,0,9394,8,0,0,41,351,0,9,0,33,0,2878,315,115,29,0,11,5,5,0,0,1587,2191,1734,1379,16,0,0,0
GSM6616658,0,0,5634,8,0,0,0,138,1,8,0,17,4,819,115,40,17,0,31,1,11,0,9,4180,796,1391,822,18,0,36,0
GSM6616659,0,0,39720,0,0,0,14,193,0,1,0,7,4,10012,3156,33,10,0,42,15,5,0,1,16361,933,889,5849,7,0,0,1
GSM6616660,0,0,34077,3,0,0,54,871,2,0,0,16,1,15707,7055,55,8,3,4,0,4,0,0,37665,3092,4085,7726,8,0,0,0
GSM6616661,0,0,25148,3,1,0,12,673,0,4,3,18,4,6511,3213,37,14,3,16,5,9,3,1,23732,1260,1369,3373,10,0,0,3
GSM6616662,0,0,15539,6,0,0,39,429,0,6,0,15,0,5182,1577,35,16,3,4,1,7,0,0,10561,805,1367,2987,14,0,0,0
GSM6616663,0,0,26967,0,1,0,2,290,0,0,0,8,1,5853,1195,19,10,0,97,28,5,0,8,5470,879,1587,4146,6,3,4,0
GSM6616664,0,0,32941,0,0,0,16,1354,2,3,0,16,1,7087,3035,35,9,0,18,63,11,0,3,17664,1309,1040,4251,7,0,3,0
GSM6616665,0,0,11549,14,0,0,55,204,1,18,1,32,1,2640,777,79,53,0,153,46,22,1,3,4228,510,543,1039,52,0,6,0
GSM6616666,0,0,25997,1,2,0,20,591,1,8,0,10,0,8391,1375,28,14,0,29,25,10,0,0,6352,974,1085,4430,13,0,3,0
GSM6616667,0,0,30576,5,2,3,46,408,1,7,0,17,0,9862,4308,47,18,3,24,12,6,0,3,29708,2717,2251,5665,10,0,0,0
GSM6616668,0,0,26953,5,1,1,13,323,0,7,1,27,1,6462,1167,70,23,0,86,12,7,0,10,6298,2188,2011,4456,5,0,1,0
GSM6616669,0,0,36911,0,0,0,5,371,1,1,0,8,0,9320,2949,21,9,3,4,1,4,0,0,22619,1203,2976,7145,3,3,2,0
GSM6616670,0,0,27669,3,0,0,28,781,2,6,0,24,4,7428,2177,50,18,4,70,33,13,0,1,8083,1235,925,4372,16,0,2,0
GSM6616671,0,0,9305,5,79,0,6,192,0,3,0,24,0,3089,770,98,13,12,4,12,4,1,0,3674,1821,1610,1923,9,0,3,0
GSM6616672,0,0,35656,4,2,0,1,146,1,1,0,9,2,12760,2067,26,13,0,15,20,4,0,1,10668,964,1463,8206,9,0,0,4
GSM6616673,0,0,1938,77,1,5,60,644,39,113,10,170,127,1137,123,437,308,0,367,405,779,20,31,447,208,816,228,800,0,1010,0
GSM6616674,0,0,4384,33,0,0,0,223,0,37,0,64,1,2297,398,295,74,0,35,212,72,1,3,2846,54,1774,882,61,0,214,0
GSM6616675,0,0,30962,6,2,0,22,231,0,5,0,11,1,6158,2483,23,18,4,9,19,6,0,6,15177,1191,1182,8373,11,0,0,0
GSM6616676,0,0,19509,4,120,0,56,500,2,3,1,17,1,5168,829,44,23,3,66,15,10,1,6,5087,531,464,2503,17,1,0,3
GSM6616677,0,0,31804,8,3,0,28,427,0,11,0,13,1,11115,2648,52,44,4,19,63,14,0,0,11354,1295,2479,5274,23,0,0,0
GSM6616678,0,1,12598,312,0,0,32,56,1,536,26,921,53,2573,360,869,818,1,540,137,774,3,0,2449,64,87,1558,593,0,16,3
GSM6616679,0,0,21446,1,9,0,20,485,2,6,0,13,1,5878,674,32,14,0,98,17,8,0,0,3451,762,1613,2827,14,0,0,0
GSM6616680,0,0,3427,31,0,0,0,1,0,22,1,29,29,1601,20,83,162,0,25,18,35,1,0,643,855,490,537,70,0,46,0
GSM6616681,0,0,21368,0,0,0,31,461,0,4,0,14,0,6575,2381,33,28,0,6,42,5,0,0,15012,1150,1380,3581,6,0,0,0
GSM6616682,0,0,31374,0,0,0,17,682,0,5,0,10,0,11119,3737,24,10,3,115,14,8,0,0,13205,1309,2651,5437,6,0,0,1
GSM6616683,0,0,40836,0,2,0,11,176,1,4,0,12,1,16229,1898,25,12,0,76,22,6,0,0,11362,645,1004,7731,6,0,0,0
GSM6616684,1,0,11837,7,0,0,6,530,0,6,0,15,0,4611,549,27,19,0,28,20,7,0,0,2265,2149,1103,1708,12,0,0,1
GSM6616685,0,0,17063,3,4,0,51,582,0,5,0,11,2,6335,1412,32,16,0,2,5,8,0,1,8559,676,452,2126,5,0,0,0
GSM6616686,0,1,34256,3,0,0,33,237,4,5,0,11,0,9130,1698,27,32,1,44,17,11,2,3,9584,457,921,2990,15,0,0,1
GSM6616687,0,0,31072,5,6,2,9,359,0,9,0,4,0,8646,3393,26,1,0,139,33,8,0,1,20231,1891,924,5039,5,0,0,0
GSM6616688,0,0,47642,5,0,0,9,412,2,2,0,17,1,18916,6998,17,6,3,241,20,7,1,0,37448,1044,2374,9090,10,0,5,0
GSM6616689,0,9,42133,5,0,0,34,225,3,1,0,16,3,10630,2260,35,11,5,317,49,3,3,1,8699,800,271,6227,11,3,5,0
GSM6616690,0,0,25370,0,0,0,33,211,0,1,0,8,0,7905,2362,27,8,0,4,5,1,0,0,18625,1513,1706,4058,7,0,0,0
GSM6616691,0,5,55388,5,0,0,51,234,0,3,0,8,0,15308,5043,36,11,1,135,43,8,1,0,20104,1291,3156,10455,19,0,2,1
GSM6616692,2,8,30104,6,10,0,11,354,0,4,0,17,2,5735,855,37,27,7,185,25,8,1,1,5686,587,860,2552,11,1,2,4
GSM6616693,0,0,28720,3,0,0,14,598,0,6,0,10,1,7245,2201,25,10,0,14,9,3,1,3,12085,1084,1971,4694,6,0,0,0
GSM6616694,0,0,31643,0,9,0,7,984,1,3,0,27,0,8204,3576,132,5,19,8,22,1,2,0,21609,2879,3048,6264,5,0,5,0
GSM6616695,0,0,16564,8,18,0,7,489,0,6,0,11,0,5598,739,28,22,1,5,12,6,0,5,3527,1133,2512,2311,13,0,3,0
GSM6616696,0,0,31460,3,0,0,12,187,0,8,3,25,2,8261,812,51,21,3,83,114,16,1,5,3143,438,675,3694,24,0,9,0
GSM6616697,0,0,26458,6,0,0,31,481,1,12,0,18,4,7965,2018,45,33,0,17,79,16,2,5,9494,855,381,4443,18,0,6,0
GSM6616698,0,0,61400,5,1,0,17,904,0,2,0,14,0,16207,2785,19,9,1,10,9,5,0,0,8070,1446,2472,10350,8,0,0,0
GSM6616699,0,0,9520,9,8,0,16,163,0,8,0,11,1,3475,180,39,16,0,50,28,8,1,0,1348,977,589,1374,18,0,1,0
GSM6616700,0,0,18222,1,2,0,10,264,0,9,1,17,0,5680,842,32,27,0,42,9,10,0,1,2820,921,1108,2630,16,0,0,0
GSM6616701,0,1,48574,0,0,0,12,505,0,0,0,6,5,13889,2719,29,10,4,18,9,6,0,0,20949,1282,1394,6419,6,0,0,0
GSM6616702,0,0,26530,0,0,1,23,249,0,4,0,9,4,9859,4312,31,11,1,1,12,6,0,0,29882,2349,2477,4712,8,0,0,1
GSM6616703,0,1,51958,3,0,0,28,313,0,3,0,13,335,18435,5033,48,12,4,150,15,8,0,1,16513,1348,1429,9752,11,0,0,0
GSM6287575,1,3,2168,54,3651,0,62,11,0,682,1,918,19,910,283,1123,854,0,1207,206,2183,375,0,164,3,41,114,1883,8,1251,46
GSM6287576,0,0,1139,104,0,1,0,266,0,51,422,92,6,125,35,291,174,0,9503,1245,370,0,8,31,190,561,41,91,0,257,1
GSM6287577,0,0,75558,33,0,1,0,20,0,50,0,114,15,31095,9500,275,228,0,1383,1663,243,0,11,54980,21,315,10131,140,0,43,0
GSM6287578,0,0,593,186,0,1,0,246,19,218,0,643,2,217,60,1149,1088,0,120,75,1549,1,3,11,262,2423,28,473,0,48,0
GSM6287579,0,5,796,88,5014,241,3,5,0,172,0,136,13,163,29,321,406,1,3642,101,216,312,159,91,13,36,95,391,0,460,9
GSM6287580,0,0,9808,1,1,0,0,10,0,6,0,13,431,2000,11,31,16,0,55,177,21,0,20,232,14,642,531,18,0,0,0
GSM6287581,0,0,877,95,0,0,30,6,12,372,0,355,4,640,181,772,394,1,36,20,334,0,0,51,8,36,134,557,0,0,0
GSM6287582,1,24,1282,110,828,27,16,23,0,329,0,630,64,649,239,1092,1036,1,2872,4514,777,16,7,358,2,26,156,282,9,2547,5
GSM6287583,0,46,3495,85,21584,255,3,5,12,120,0,418,262,887,79,418,339,0,42,30,525,18,10,912,69,31,367,288,6,5,27
GSM6287584,0,0,4272,18,0,3,8,350,0,87,0,136,1,133,14,261,251,0,111,56,204,0,0,531,485,1481,1155,197,0,0,0
GSM6287585,460,1,25495,9,286,0,62,382,18,63,0,165,234,3872,131,223,96,2,443,704,153,16,1,180,38,598,4350,141,6,1,19
GSM6287586,0,27,946,538,121,1,0,56,15,404,0,1626,51,33,20,961,1576,0,454,37,846,14,186,58,388,620,122,404,19,2597,15
GSM6287587,0,3,332,68,261,24,0,169,9,113,0,209,37,24,11,375,832,0,308,303,214,12,4,9,447,369,108,144,0,8,0
GSM6287588,0,0,1569,231,0,16,4,372,505,500,8,298,7,259,35,1497,633,0,1679,276,737,0,6,20,100,87,199,835,0,36,0
GSM6287589,0,16,4095,61,81,0,4,161,15,224,6,140,12,1404,23,404,294,0,464,284,273,0,3,568,2,105,467,197,9,8,0
GSM6287590,0,0,11831,232,1,0,0,710,0,114,0,266,2,3114,314,742,493,0,201,26,625,0,4,1266,533,578,678,289,0,160,0
GSM6287591,21,0,1112,144,0,0,0,2,0,183,0,229,32,384,353,893,170,0,531,32,707,399,1,530,118,39,71,476,0,1014,0
GSM6287592,0,1,2129,135,0,0,11,276,49,168,0,320,3,359,91,278,417,0,553,88,540,30,3,260,34,145,140,380,0,0,0
GSM6287593,0,41,601,16,61,0,18,84,34,20,51,59,160,81,91,71,22,20,1089,4769,9,0,7,147,8,45,76,15,0,0,0
GSM6287594,0,0,1551,354,0,1459,0,644,715,124,9,598,46,349,74,627,1302,1,228,338,478,9,3,464,156,244,187,894,0,113,0
GSM6287595,0,0,140,425,0,0,3,6,0,559,0,628,2,22,3,1929,707,0,2255,11,379,171,0,1,66,524,3,1332,0,400,1
GSM6287596,48,1,442,255,0,1,6,17,0,886,16,826,65,55,4,3275,928,0,5916,3256,991,185,155,8,1,22,21,848,0,1135,0
GSM6287597,0,3,786,230,0,0,0,323,0,158,0,107,2,74,8,253,335,0,129,16,164,9,5,92,200,80,233,197,0,13,1
GSM6287598,0,0,432,17,0,0,1,4,0,21,0,64,0,5,2,232,144,0,5,14,73,0,1,3,856,119,635,77,0,0,0
GSM6287599,0,15,993,15,11764,0,0,451,0,25,6,29,2,102,15,174,136,0,165,161,59,1,0,2,1805,533,97,13,11,5,5
GSM6287600,0,0,11903,32,0,0,0,109,0,67,0,23,0,4085,92,134,27,0,96,83,95,0,0,2050,259,1096,4265,119,0,359,0
GSM6287601,1,0,5005,254,0,0,3,443,0,68,0,206,2,1628,220,915,831,0,145,13,333,0,0,1944,1136,1310,739,151,0,8,0
GSM6287602,0,1,12861,1,0,0,14,384,0,12,0,18,0,4649,639,28,13,3,11,27,5,1,0,3132,1179,3011,1496,8,0,0,0
GSM6287603,0,0,12248,3,0,0,13,647,0,1,0,26,1,2551,842,38,20,0,2,36,16,0,0,4187,1829,2056,930,9,0,0,0
GSM6287604,0,0,33255,8,41,0,89,286,0,8,3,10,3,11794,1924,68,53,6,75,46,26,0,7,6045,882,781,5894,22,0,0,0
GSM6287605,0,0,31783,5,0,0,37,349,0,6,0,33,4,10855,1445,51,26,5,18,11,18,4,3,7415,1731,3639,5932,23,0,7,0
GSM6287606,0,0,20581,0,1,1,8,614,1,5,1,25,1,6705,2310,35,38,2,2,51,7,0,1,18660,1348,1703,3850,21,0,1,0
GSM6287607,0,0,36961,1,0,0,26,680,0,7,0,21,0,12676,8401,52,26,1,30,8,4,0,0,46511,1112,4183,6723,37,0,0,0
GSM6287608,0,0,28755,2,0,0,41,342,0,5,0,13,1,11251,1016,35,16,2,1,7,4,0,0,5490,1976,1097,7067,4,0,0,0
GSM6287609,0,0,23521,1,0,0,23,74,0,10,0,15,2,6756,2727,39,61,1,0,6,7,0,2,15393,1698,2554,5633,16,0,5,0
GSM6287610,0,0,18369,3,22,0,24,396,0,2,0,7,2,5029,659,26,16,0,40,33,7,0,0,2768,957,2844,3375,16,0,0,0
GSM6287611,0,0,26794,1,0,0,14,268,1,3,0,5,2,7517,1102,27,2,1,21,134,4,0,3,5710,1701,1398,7141,2,0,0,0
GSM6287612,0,0,51832,9,0,0,29,207,0,44,0,75,56,19485,928,145,65,0,15,57,96,0,0,7181,1746,1200,13101,88,0,0,0
GSM6287613,0,0,29137,2,0,0,11,161,0,3,0,4,2,10812,2251,7,5,9,13,3,3,1,0,14618,1623,918,6219,9,0,5,0
GSM6287614,0,0,18817,2,0,0,29,397,0,5,0,19,3,7204,2821,16,7,6,4,7,11,0,1,19420,1485,2249,5326,19,0,0,0
GSM6287615,0,0,6922,1,0,1,18,199,0,9,0,3,10,2700,382,33,5,2,11,60,0,0,3,1551,521,1233,1027,22,0,0,0
GSM6287616,0,1,22135,0,0,0,27,385,0,0,4,10,30,6857,3185,18,46,3,24,4,7,0,0,16639,1324,2830,2700,18,0,0,0
GSM6287617,0,0,21341,0,0,0,17,124,0,2,3,16,0,7692,3996,26,15,3,11,2,4,0,0,18799,1440,1514,4259,20,0,10,0
GSM6287618,0,0,10924,3,0,0,20,485,0,3,0,10,1,2724,1981,70,2,1,11,7,3,0,1,8297,1280,1096,1790,8,0,0,0
GSM6287619,0,0,33020,6,0,2,4,494,0,1,0,8,0,10632,2308,28,9,2,1,17,3,0,0,15261,1676,1641,6277,2,0,1,0
GSM6287620,0,0,36494,6,0,0,22,480,0,13,0,19,2,9828,6725,11,9,1,7,24,20,0,6,27887,1146,1022,4081,17,0,0,0
GSM6287621,0,0,25499,3,0,0,14,480,1,8,0,1,6,8437,2464,14,4,1,10,14,1,0,1,8371,1674,5858,4113,15,0,0,0
GSM6287622,0,0,11747,3,0,0,5,787,0,1,0,4,8,4286,1524,32,1,1,41,33,1,0,0,7595,887,2070,1324,2,0,0,0
GSM6287623,0,2,16471,8,0,0,24,689,7,2,0,14,0,5396,3213,32,20,5,4,11,12,0,0,17820,1616,5725,2183,12,0,1,0
GSM6287624,0,0,18064,0,0,0,6,344,0,19,0,23,0,4061,1988,24,23,0,16,3,3,0,1,16907,1318,888,1900,25,0,0,0
GSM6287625,0,14,33155,10,0,0,41,334,1,4,0,19,18,1651,273,96,25,3,257,225,20,0,5,316,206,96,2971,34,5,0,5
GSM6287626,0,1,19691,2,22,0,34,711,0,0,0,16,0,5064,2429,34,17,0,13,5,0,0,0,12837,1567,998,2275,3,0,0,0
GSM6287627,0,0,30664,1,30,0,34,373,0,1,0,3,1,6842,1398,75,49,1,170,37,18,0,0,6565,2134,1241,5139,6,0,12,5
GSM6287628,0,1,9310,10,192,0,19,521,1,12,0,22,0,1321,299,67,59,0,30,103,22,0,0,1844,1117,2151,1106,29,1,7,0
TCGA-5R-AA1C-01A-11R-A41C-07,0,0,328,24,0,0,0,134,0,63,0,72,1,48,9,86,68,0,15,8,71,0,27,49,191,629,476,126,0,1,0
TCGA-ED-A66Y-01A-11R-A311-07,12668,6,530,298,376,0,10,16,1,324,0,671,16,66,6,1010,530,0,368,379,642,428,2,15,0,241,0,767,0,3,1
TCGA-DD-AAEI-01A-11R-A41C-07,0,0,1784,109,0,0,0,890,0,257,0,196,7,248,23,1972,329,0,289,34,523,0,0,133,156,557,157,268,0,1,0
TCGA-ED-A8O5-01A-11R-A36F-07,0,46,899,181,1415,0,0,25,2,287,3,257,8,57,35,707,190,1,1054,133,303,139,1,65,287,165,116,474,0,392,67
TCGA-DD-A3A2-11A-11R-A213-07,0,0,18562,3,0,0,58,952,1,9,0,12,0,7845,3408,44,12,1,12,6,3,0,0,16325,1844,2085,3505,10,0,9,0
TCGA-DD-AACH-01A-11R-A41C-07,0,0,2886,1160,43,0,16,36,751,1330,5,1736,131,1165,174,1375,3204,0,820,759,1641,41,1,702,68,240,246,1269,0,7,0
TCGA-FV-A3R3-01A-11R-A22L-07,17,29,4783,18,20789,0,52,134,34,50,0,64,12,1211,340,171,76,0,88,185,47,294,11,346,29,242,351,71,33,166,38
TCGA-G3-A5SJ-01A-11R-A27V-07,0,55,1679,82,14,0,1,75,15,223,94,177,231,358,100,545,341,0,3993,1740,763,5,1,155,33,86,350,247,6,21,1
TCGA-HP-A5MZ-01A-21R-A27V-07,1,0,3944,55,21,0,15,420,60,69,1,141,15,602,72,271,191,1,1818,978,152,0,30,550,89,855,732,214,1,32,4
TCGA-ZP-A9D0-01A-11R-A37K-07,0,8,1952,28,6362,0,9,155,1,74,0,104,0,218,44,264,53,0,118,26,50,37,9,188,79,80,86,79,17,6,12
TCGA-BC-A10W-01A-11R-A131-07,0,0,6997,378,0,0,8,77,424,722,4,1933,182,2572,234,2126,944,0,1913,816,3063,8,80,849,231,202,777,2465,0,8,0
TCGA-DD-A4NH-01A-11R-A27V-07,0,11,1276,138,1458,1581,0,58,2,371,3,311,127,289,37,722,1491,3,9559,1167,273,6,4,90,219,509,121,731,1,246,7
TCGA-G3-A25Z-01A-11R-A16W-07,0,0,35578,73,42,0,0,571,0,63,0,191,14,12489,879,269,282,0,2625,276,277,0,1,4154,1601,1211,5171,197,0,15,0
TCGA-DD-A39Z-11A-21R-A213-07,0,0,36222,1,6,0,28,1107,0,22,0,31,0,12192,5522,82,26,0,22,2,41,0,0,19837,1733,2452,5394,39,0,7,0
TCGA-DD-AACX-01A-11R-A41C-07,0,0,5305,194,10,0,0,8,234,366,0,401,3,806,249,860,372,0,161,73,463,0,1,634,245,65,762,486,0,1,0
TCGA-BC-A10X-01A-11R-A131-07,0,0,35273,33,1039,0,53,399,2,45,0,104,6,11244,4922,189,48,1,608,81,65,48,5,19885,2332,1835,6022,115,0,4,4
TCGA-DD-AACD-01A-11R-A41C-07,0,0,22120,17,1,0,0,57,1,15,0,48,24,9042,2662,412,169,0,164,179,184,4,201,5541,112,971,7746,92,0,2171,0
TCGA-NI-A8LF-01A-11R-A36F-07,0,0,8729,27,0,0,0,47,55,133,0,96,13,3169,116,429,151,0,84,43,90,7,1,1548,199,70,1855,184,0,127,0
TCGA-EP-A2KA-01A-11R-A180-07,0,0,5313,111,2,0,5,40,6,272,0,564,76,112,51,1779,450,0,3581,1241,740,20,0,76,30,166,579,689,0,8,0
TCGA-ZP-A9D4-01A-11R-A37K-07,1,0,1739,79,19,0,0,1315,2,100,0,168,4,230,15,378,254,1,22,29,119,1,0,65,954,205,304,183,0,1,0
TCGA-DD-AADQ-01A-11R-A41C-07,0,0,19087,28,0,0,0,165,1,36,5,45,107,4700,3200,224,67,0,2434,46,118,0,22,10427,365,3673,2362,115,0,56,0
TCGA-DD-AAE7-01A-11R-A41C-07,0,0,126323,20,0,0,7,173,0,24,0,21,4,21363,24038,89,39,0,38,46,44,0,1,130289,171,254,9943,40,0,3,0
TCGA-GJ-A9DB-01A-11R-A37K-07,0,0,3238,219,2,103,13,611,54,189,154,317,20,814,234,718,478,1,249,559,299,1,2,844,465,531,532,346,0,0,1
TCGA-DD-A3A3-01A-11R-A22L-07,0,0,4269,31,199,0,4,17,0,33,0,234,13,1078,65,455,220,1,187,125,247,26,9,321,16,43,303,220,0,1949,7
TCGA-FV-A3I0-11A-11R-A22L-07,0,0,61501,1,4,0,48,599,0,0,0,6,4,17226,5794,16,10,0,47,51,5,0,3,25196,3751,5015,9302,1,0,1,0
TCGA-FV-A3I0-01A-11R-A22L-07,17,0,4098,40,0,0,20,46,6,109,0,149,94,178,599,515,199,4,566,1326,128,8,6,337,17,66,597,128,0,0,0
TCGA-DD-A1ED-01A-11R-A155-07,0,0,33313,18,4,0,15,1179,1,13,0,33,5,5128,2699,70,26,0,505,123,9,5,1204,13302,2251,1903,7384,20,1,1929,0
TCGA-5C-A9VG-01A-11R-A37K-07,16,4,3353,159,7563,0,41,63,1,562,0,1204,6,1071,629,1310,382,0,26,125,676,8,1,2199,23,125,406,797,19,1239,67
TCGA-EP-A2KB-01A-11R-A180-07,0,1,13667,153,0,0,0,731,1,224,0,700,103,3476,868,1163,477,0,685,234,668,56,2,3260,474,155,1612,1148,0,12,0
TCGA-CC-A8HU-01A-11R-A36F-07,0,0,3267,418,173,239,1,385,0,399,0,764,15,985,196,2339,2207,0,155,88,1151,536,2,2238,147,87,837,1236,0,3206,0
TCGA-DD-AACN-01A-11R-A41C-07,0,0,9258,28,1609,1,9,73,0,100,0,73,3,2666,407,236,98,1,513,141,72,256,1,2530,607,987,1437,97,1,146,38
TCGA-PD-A5DF-01A-11R-A27V-07,0,45,8264,123,158,0,14,980,4,245,1,401,111,811,241,646,1130,3,519,3489,550,0,1,178,248,2290,2080,590,6,1,0
TCGA-DD-A1EF-01A-11R-A131-07,66,1,1134,92,58,0,8,106,2,196,0,274,5,39,191,588,225,0,156,712,332,664,2,54,1,89,70,220,0,373,0
TCGA-GJ-A6C0-01A-12R-A311-07,1,35,3478,295,430,546,0,447,3,302,5,401,140,306,144,597,823,0,1417,5095,835,0,7,272,1047,1819,1289,893,29,1,0
TCGA-DD-A11D-01A-11R-A131-07,0,0,5010,12,20,0,1,187,0,32,0,38,1,1399,93,94,44,0,342,69,33,1,3,541,917,572,771,42,0,0,0
TCGA-DD-AADJ-01A-11R-A41C-07,0,8,1130,12,5156,21,0,14,0,20,0,78,12,204,24,244,156,0,359,28,94,22,0,258,338,140,114,158,1,11,1
TCGA-DD-AADW-01A-11R-A39D-07,0,0,941,928,873,1349,18,52,1,1115,0,733,4,306,54,1636,1228,1,1669,228,690,63,2,180,1184,259,93,1449,0,11,80
TCGA-XR-A8TF-01A-11R-A36F-07,0,0,8792,67,0,0,0,142,0,93,0,138,45,5434,233,479,1430,1,16,20,154,0,3,2283,1642,80,2043,298,0,0,0
TCGA-MI-A75G-01A-11R-A32O-07,0,1,31183,31,1,0,1,298,0,38,3,28,13,11931,294,211,173,0,437,84,85,4,3,2583,979,815,3434,113,0,8,0
TCGA-DD-AAD1-01A-11R-A41C-07,106,41,1952,88,2757,0,34,121,1,93,0,143,1,347,83,337,170,1,1971,520,109,20,26,98,181,371,202,143,1,13,10
TCGA-ED-A7XO-01A-11R-A352-07,0,13,13955,182,352,0,14,686,1,153,0,329,7,4900,1459,615,1246,4,87,37,818,0,2,5083,367,1265,1277,330,6,4,1
TCGA-CC-A5UE-01A-11R-A28V-07,0,0,3407,307,0,0,1,33,39,657,6,808,44,1695,155,807,671,0,808,964,2247,659,0,970,200,89,369,920,0,332,0
TCGA-DD-A73D-01A-12R-A32O-07,0,0,1919,42,0,0,0,16,0,40,0,61,0,50,58,163,142,0,13,13,36,0,2,346,308,119,600,133,0,680,0
TCGA-DD-AACT-01A-11R-A41C-07,0,6,2799,36,951,0,4,140,0,24,0,125,0,421,56,248,125,0,440,53,95,0,27,323,359,434,172,124,1,3,0
TCGA-XR-A8TE-01A-11R-A36F-07,0,0,3502,40,0,0,9,28,0,62,0,99,10,381,15,143,118,0,3459,44,49,0,52,60,72,129,221,78,0,1057,1
TCGA-DD-A39X-11A-11R-A213-07,0,0,59414,0,1,0,42,1479,0,6,0,16,2,27995,7889,35,30,1,11,10,10,0,1,32856,1908,1120,10215,11,0,1,0
TCGA-DD-A39X-01A-11R-A213-07,0,15,4084,5,1471,0,73,59,41,40,0,211,6,1578,114,347,315,0,655,1178,379,4,53,1302,40,149,261,119,1,1,56
TCGA-WQ-AB4B-01A-11R-A41C-07,0,0,44174,6,0,0,7,164,0,48,1,45,1,17637,839,184,149,0,474,130,151,1,3,9271,158,1133,8222,127,0,0,0
TCGA-DD-AACO-01A-11R-A41C-07,0,0,1900,17,4,0,4,36,13,13,0,63,7,1296,255,688,467,1,26,56,367,1,0,254,14,393,560,130,0,1,0
TCGA-CC-A1HT-01A-11R-A131-07,1,19,7376,507,3,0,390,279,133,2304,5,3426,989,1705,367,4492,1816,0,2859,3620,3893,7,4,424,27,739,725,1391,56,1118,137
TCGA-DD-AADS-01A-11R-A41C-07,0,0,36959,8,0,0,0,88,0,1,0,19,4,11872,4367,191,172,0,36,238,82,1,0,9617,171,120,4145,32,0,7,0
TCGA-DD-AADA-01A-11R-A41C-07,0,1,1143,6,477,0,0,31,1,52,0,56,0,193,34,199,57,1,626,87,73,0,0,25,33,1247,162,61,0,3,1
TCGA-BC-A10U-11A-11R-A131-07,0,0,60699,1,1,0,70,468,4,9,7,17,33,17984,4740,34,16,0,163,50,10,0,7,20775,1966,3382,14053,15,0,0,3
TCGA-CC-A9FW-01A-11R-A37K-07,0,0,2334,99,0,99,1,331,1,156,3,346,33,159,121,993,561,0,795,1240,289,4,2,63,324,197,259,577,0,18,0
TCGA-DD-A114-11A-12R-A131-07,0,6,21859,67,5033,0,27,688,0,66,0,97,2,7404,1128,230,219,1,217,99,69,0,2,4741,2230,1320,2520,173,4,3,0
TCGA-BC-A10Q-11A-11R-A131-07,1,0,46461,9,0,1,71,502,15,19,12,23,10,18259,1883,70,11,7,77,49,28,0,6,7777,3094,2352,10063,29,0,3,1
TCGA-DD-AAW1-01A-11R-A41C-07,0,0,5902,24,3,0,0,409,0,26,16,49,5,2135,16,157,134,1,96,42,38,1,2,474,1018,897,1080,24,0,1352,0
TCGA-G3-A5SK-01A-11R-A27V-07,0,0,11023,6,0,0,13,223,0,8,0,19,9,4575,127,60,45,0,95,6,9,0,0,640,1199,2208,3175,40,0,0,0
TCGA-DD-A1EL-11A-11R-A155-07,1,0,27724,23,1,0,20,908,4,31,0,47,3,10239,1609,93,127,0,225,14,30,0,0,6486,6101,3294,4587,65,0,18,0
TCGA-RC-A7SH-01A-11R-A38B-07,0,0,1025,100,1024,70,6,14,0,197,0,456,17,177,48,1362,1301,0,735,38,361,0,1,31,1,168,123,699,0,8,25
TCGA-DD-A1EL-01A-11R-A155-07,1,5,2271,335,1,29,0,104,214,605,53,1396,260,514,48,1572,1152,0,1222,1317,1541,8,346,232,213,591,301,1616,0,10692,0
TCGA-MR-A520-01A-11R-A266-07,0,0,7303,9,15,165,1,681,2,20,1,37,17,3247,673,108,66,1,42,18,22,0,2,2629,1238,281,1619,22,0,0,0
TCGA-WX-AA47-01A-11R-A39D-07,0,0,15938,33,282,0,0,12,11,24,19,71,30,1449,262,221,127,0,149,51,161,0,119,503,64,1751,3165,143,0,846,4
TCGA-CC-A3MB-01A-11R-A213-07,0,0,3408,635,0,0,26,86,124,1009,5,1241,26,1317,206,3167,2929,0,2635,38,878,143,1,879,273,700,334,1440,0,12,0
TCGA-DD-AAEE-01A-11R-A41C-07,0,0,8045,154,1,0,1,23,12,197,0,223,41,3616,227,405,677,0,188,205,233,1,1,1269,299,420,708,503,0,115,0
TCGA-BC-A10W-11A-11R-A131-07,0,0,70551,3,0,0,28,524,4,11,17,15,11,22593,7589,64,21,1,938,126,10,0,38,39350,1794,3179,10839,32,0,7,1
TCGA-DD-AAE3-01A-11R-A41C-07,0,0,20795,0,0,0,1,73,0,1,0,17,34,10571,1318,64,40,0,20,55,13,0,9,4883,351,641,2496,34,0,0,0
TCGA-2Y-A9GT-01A-11R-A38B-07,15,0,6102,51,0,0,0,955,0,62,0,53,20,2296,294,234,324,0,122,156,63,12,3,1111,1474,3999,636,107,0,26,1
TCGA-5R-AAAM-01A-12R-A41C-07,0,0,11512,11,3,1,18,1685,3,34,16,42,1,1431,169,188,85,0,246,403,69,0,6,1278,632,486,1797,67,0,1,0
TCGA-DD-A115-01A-11R-A131-07,0,8,5934,126,45,0,7,52,88,173,1,483,63,1592,369,860,595,0,62,378,493,1,2,1957,281,1239,1270,440,8,1,0
TCGA-DD-A39W-01A-11R-A213-07,0,0,2040,18,6,0,65,14,1,73,0,117,3,431,56,204,197,0,152,60,80,0,0,701,39,80,231,63,0,3428,0
TCGA-DD-A39W-11A-11R-A213-07,1,0,32854,1,1,0,44,940,0,4,0,11,2,9558,7087,17,12,1,13,22,4,0,0,31135,4599,4940,6216,7,0,4,0
TCGA-2Y-A9H0-01A-11R-A38B-07,0,0,5591,446,1,762,1,66,9,490,1,1137,35,1920,1301,2425,1190,0,356,160,1136,0,0,5873,558,1297,806,2060,0,881,0
TCGA-DD-AAD8-01A-11R-A41C-07,0,20,1456,132,8,0,7,242,267,164,0,158,29,118,62,503,515,0,1068,74,358,0,0,63,209,1509,249,211,8,0,0
TCGA-G3-A7M6-01A-11R-A33R-07,0,0,5343,237,10,55,7,130,1,382,3,501,9,1951,204,1463,692,3,2520,260,583,5,5,946,170,151,686,500,0,8,0
TCGA-2V-A95S-01A-11R-A37K-07,0,1,1927,102,0,1,1,24,27,220,3,384,6,386,68,543,454,0,7683,3492,477,4,6,187,28,158,115,587,0,21,1
TCGA-G3-A3CK-01A-11R-A213-07,0,1,4835,130,0,0,0,667,193,127,128,156,13,982,100,350,179,1,78,257,107,5,4,638,1483,2457,1447,185,0,4,1
TCGA-DD-A3A2-01A-11R-A213-07,0,0,2946,22,0,0,8,204,0,6,0,19,3,222,29,121,111,0,127,7,12,0,2,103,1596,503,590,46,0,0,0
TCGA-G3-A3CH-01A-11R-A22L-07,0,1,3355,207,50,0,18,29,0,177,0,250,1,1692,59,729,3074,0,292,67,249,1,0,179,623,3347,371,222,0,20,1
TCGA-G3-A3CH-11A-11R-A22L-07,0,0,31271,1,0,0,29,466,0,16,0,17,1,12969,3588,46,55,4,11,70,22,0,0,20612,2736,5851,3955,25,0,0,0
TCGA-DD-A1EI-01A-11R-A131-07,0,0,7016,166,0,1,80,494,1,359,2,364,21,2506,237,1616,906,0,1554,705,423,170,8,1203,469,1269,738,607,0,3,1
TCGA-CC-A5UD-01A-11R-A28V-07,0,0,4408,247,0,0,55,94,1,431,3,1515,62,59,104,2807,1375,1,148,161,1721,0,157,236,68,5073,223,1447,0,140,0
TCGA-2Y-A9GW-01A-11R-A38B-07,0,0,2209,49,3,1,8,772,2,100,4,119,3,439,72,374,138,0,1592,4659,129,0,1,364,218,851,335,195,0,1,0
TCGA-CC-A7IE-01A-21R-A38B-07,0,0,1317,132,146,1,9,1,0,360,3,689,148,275,77,1032,355,1,8505,1579,589,211,6,219,16,68,154,835,0,3077,5
TCGA-RC-A6M4-01A-11R-A32O-07,0,0,10353,120,0,0,5,218,2,130,1,271,12,3703,129,614,553,0,65,18,301,0,4,4410,63,151,1542,381,0,1,0
TCGA-ZS-A9CG-01A-11R-A37K-07,0,0,4990,5,0,0,4,545,0,11,3,18,3,719,22,120,113,0,12,59,14,0,97,113,509,1297,3007,48,0,1490,0
TCGA-DD-AACL-01A-11R-A41C-07,0,0,4123,62,0,249,0,27,2,145,439,432,817,1641,505,1038,452,0,1082,2654,1234,1,25,1490,202,488,570,534,0,714,0
TCGA-DD-AADC-01A-11R-A41C-07,16,0,6750,212,1,0,5,51,1,494,0,261,3,3261,269,1239,600,1,173,154,1846,31,79,1309,78,152,683,814,0,379,0
TCGA-BC-A10X-11A-11R-A131-07,0,0,45845,8,0,0,57,1391,6,18,4,17,8,19031,12388,49,14,4,41,71,18,0,0,59476,4732,8271,11654,32,1,0,1
TCGA-DD-AAD6-01A-11R-A41C-07,0,0,5372,48,0,0,0,9,0,173,0,109,3,3415,1056,588,339,0,2698,138,252,0,3,2535,157,514,824,353,0,138,0
TCGA-ZP-A9D1-01A-11R-A38B-07,0,40,4472,60,1153,0,1,135,49,55,0,44,10,1126,105,181,347,0,3251,123,47,136,3,526,881,934,697,93,1,0,0
TCGA-DD-A3A9-01A-11R-A266-07,23,36,2694,18,321,0,7,49,1,26,8,148,65,571,64,291,255,4,235,284,133,4,7,232,17,104,281,147,29,483,76
TCGA-WQ-A9G7-01A-11R-A37K-07,0,0,4282,67,0,2216,7,89,2,181,0,416,0,1328,328,1594,523,1,435,123,782,0,3,1574,37,153,607,666,0,13,1
TCGA-DD-A3A3-11A-11R-A22L-07,0,0,52268,5,1,0,43,385,0,0,0,10,0,16960,4032,28,14,0,90,49,8,0,0,12731,1319,877,6125,9,0,1,0
TCGA-DD-AAW0-01A-11R-A41C-07,0,8,2813,73,780,0,26,170,1,107,0,189,3,472,76,396,182,0,1080,1868,83,4,36,428,691,529,379,196,0,4,5
TCGA-DD-AAD2-01A-11R-A41C-07,0,54,3496,70,3057,0,13,101,0,112,3,268,10,431,84,446,153,0,471,1171,322,0,33,227,170,267,144,214,6,10,1
TCGA-BC-A112-01A-11R-A131-07,0,23,573,67,5,0,75,51,326,415,0,460,174,162,44,623,318,5,17395,155,499,6,1,166,42,84,76,337,0,3,1
TCGA-2Y-A9GZ-01A-11R-A39D-07,0,26,6336,192,257,1,1,480,1,116,1,132,19,3759,746,328,207,0,103,36,208,1,2,6125,1864,1426,1375,127,9,0,0
TCGA-XR-A8TG-01A-11R-A36F-07,0,0,8294,340,38,1,6,344,178,504,344,584,130,1570,311,670,1513,0,2447,328,668,0,5,625,87,1630,1102,837,0,3,0
TCGA-K7-AAU7-01A-11R-A38B-07,0,1,2944,122,0,0,77,89,185,348,48,360,48,799,177,437,189,4,2267,1201,612,0,59,459,73,201,227,565,0,16,4
TCGA-G3-A25Y-01A-11R-A16W-07,0,1,2857,455,2369,46,15,76,0,342,0,522,5,338,124,1789,1762,1,3084,253,779,30,2,107,495,832,229,1428,1,14,62
TCGA-BC-A10S-01A-22R-A131-07,0,0,17767,16,0,0,1,522,1,15,6,51,6,5095,189,141,113,0,1019,152,78,4,7,2607,168,283,2128,55,1,0,0
TCGA-BC-A216-01A-11R-A155-07,0,0,1600,427,0,0,7,23,4,891,8,938,92,385,123,3236,1938,0,3932,62,1741,16,3,371,583,6397,468,2690,0,16,0
TCGA-DD-A11A-11A-11R-A131-07,0,0,69739,8,1,0,47,743,1,14,0,18,2,21686,4648,44,17,0,6328,63,17,1,2,19694,3701,2818,11310,46,0,1,0
TCGA-DD-A4NR-01A-11R-A311-07,0,42,4334,183,1167,0,9,661,217,343,47,871,99,822,171,1735,662,3,1143,2442,829,0,20,461,56,221,315,729,13,53,4
TCGA-CC-A7IG-01A-11R-A33J-07,0,4,2651,139,0,65,1,65,11,268,77,1439,29,482,86,1818,2042,0,1044,838,2470,112,4,120,39,201,281,1645,0,27,0
TCGA-DD-A119-01A-11R-A131-07,0,24,3779,18,6518,0,16,82,3,33,26,139,6,413,70,209,174,0,1146,995,136,0,54,117,1,264,200,174,0,710,17
TCGA-BC-A217-01A-11R-A155-07,0,29,2147,363,929,1,0,146,3,357,0,483,12,699,279,849,1820,1,229,1036,1211,0,1,561,65,860,415,1021,11,66,4
TCGA-EP-A2KC-01A-11R-A213-07,0,0,4173,120,0,0,11,91,1,121,3,246,18,692,76,438,339,1,562,404,227,1,34,874,423,574,494,250,0,0,1
TCGA-CC-5259-01A-31R-A213-07,0,4,26252,5,31,0,1,7,4,32,0,96,49,7499,611,310,142,0,824,191,399,10,34,3174,59,811,1242,207,0,6,0
TCGA-2Y-A9GY-01A-11R-A38B-07,0,13,5356,158,15,0,0,13,467,349,4,941,25,2378,348,1148,742,0,611,3356,1390,5,1,771,1,191,460,955,0,42,4
TCGA-BC-A3KG-01A-11R-A213-07,0,164,637,1157,85,292,14,17,424,1661,6,1555,53,167,45,2072,2147,4,505,92,4322,57,8,160,810,699,108,2860,133,3,10
TCGA-DD-A118-01A-11R-A131-07,46,5,691,91,8620,0,40,46,11,154,0,399,0,117,24,1052,342,0,64,244,200,30,5,33,85,2796,78,225,40,66,18
TCGA-ES-A2HT-11A-11R-A180-07,0,31,16213,39,12233,0,28,179,0,49,0,68,106,4094,184,192,171,0,540,213,79,0,21,328,1152,2060,675,128,13,25,0
TCGA-DD-A4NJ-01A-11R-A27V-07,0,0,1461,326,6,167,0,298,0,388,1,458,26,193,126,640,774,0,278,457,377,5,1,92,267,213,566,498,0,1,1
TCGA-K7-A6G5-01A-11R-A311-07,0,0,8670,18,1,26,1,456,3,19,0,125,5,2334,109,329,246,1,352,390,188,4,2,908,163,1698,735,180,0,131,0
TCGA-UB-A7MF-01A-11R-A33J-07,0,0,5285,198,14,0,0,38,1,296,0,755,86,272,105,2158,918,4,81,613,1368,0,1,292,0,220,154,970,0,31,0
TCGA-DD-AADG-01A-11R-A41C-07,0,0,1842,99,4,0,6,22,0,60,13,68,7,69,22,227,421,0,0,9,90,1,4,394,893,1222,1064,138,0,0,4
TCGA-G3-A7M5-01A-11R-A33R-07,0,8,3268,8,98,0,1,226,0,19,1,52,3,503,116,186,288,1,1,69,38,0,0,269,564,1668,2168,38,0,3,0
TCGA-DD-A116-11A-12R-A26B-07,1,5,23159,14,7,0,66,867,0,24,3,45,18,12121,2793,97,57,0,9,60,31,0,0,14110,2249,2494,5504,54,0,4,0
TCGA-MI-A75C-01A-11R-A32O-07,0,0,5733,27,8,0,0,129,1,54,29,209,7,55,37,724,200,0,888,443,285,0,6,104,38,70,304,196,0,3,0
TCGA-ED-A82E-01A-11R-A352-07,0,5,1531,66,0,0,99,44,3,121,0,134,27,429,640,228,368,3,725,325,51,4,4,494,1,131,180,88,0,3,0
TCGA-NI-A4U2-01A-11R-A28V-07,0,0,15251,16,0,1,10,72,1,35,0,105,6,1752,68,373,127,0,541,1234,117,1,7,325,3156,1195,3890,110,0,1,0
TCGA-2Y-A9H3-01A-11R-A38B-07,0,8,1195,9,8611,0,6,39,1,15,0,47,11,159,78,191,110,0,21,315,88,17,27,36,24,263,66,73,11,5,53
TCGA-CC-A7II-01A-11R-A33J-07,18,0,9560,410,0,0,10,50,2,1100,3,1843,88,7446,4100,2516,1946,5,70,746,5206,281,7,12285,0,50,1664,1784,1,827,0
TCGA-DD-A3A4-01A-11R-A22L-07,0,6,29346,5,7040,0,0,230,1,27,0,67,1,5816,1244,134,40,0,19,5,66,4,0,6788,546,1205,1044,83,4,0,0
TCGA-G3-AAV6-01A-21R-A37K-07,0,0,562,142,0,1,1,22,0,174,0,814,82,110,30,2576,1059,0,1476,1361,925,108,37,100,0,168,44,1768,0,4375,4
TCGA-DD-A3A4-11A-11R-A22L-07,0,0,35232,1,4,0,80,555,1,4,0,15,0,11909,4328,52,19,8,31,16,16,0,2,17961,2338,1271,4581,37,0,0,0
TCGA-DD-A113-01A-11R-A131-07,1,36,509,204,20906,0,1,28,504,390,0,678,4,150,57,1319,1344,0,312,527,544,48,138,120,85,911,58,730,6,386,109
TCGA-UB-A7MB-01A-11R-A33R-07,1,0,2080,366,0,0,6,306,6,839,0,1066,1,247,48,2257,1538,0,251,34,1512,0,2,139,1270,600,734,1350,0,22,0
TCGA-DD-AAVX-01A-11R-A41C-07,0,0,26887,6,0,0,0,21,1,13,0,36,0,10971,2939,145,70,0,129,32,32,3,1,6602,310,71,4669,30,0,0,0
TCGA-DD-A73A-01A-12R-A32O-07,0,0,6574,40,0,0,0,596,55,86,0,67,6,1237,126,338,192,0,358,102,148,1,2,767,96,384,966,193,0,0,0
TCGA-DD-AADD-01A-11R-A41C-07,0,1,3029,300,2,23,0,475,0,590,0,1073,6,1874,592,1483,821,0,17,96,1053,0,0,1507,287,80,401,789,1,311,0
TCGA-ED-A66X-01A-11R-A311-07,1,0,678,255,2216,1,33,71,0,524,0,504,11,195,50,1018,347,0,2375,2272,468,188,5,73,145,227,62,969,1,523,49
TCGA-EP-A26S-11A-12R-A16W-07,0,0,15247,0,0,0,54,1816,1,4,0,9,0,8708,1037,19,3,0,13,232,4,0,0,5765,4950,4441,3163,8,0,0,0
TCGA-2Y-A9H6-01A-11R-A39D-07,24,50,1462,12,8671,0,37,199,5,43,0,147,8,162,38,357,136,1,814,471,39,24,29,20,140,616,225,165,1,63,13
TCGA-G3-A3CI-01A-11R-A213-07,0,0,8435,19,1,728,1,625,5,20,0,56,17,3287,590,120,62,0,110,88,44,0,6,4050,565,141,1508,39,0,1,0
TCGA-CC-A7IL-01A-11R-A33R-07,0,0,1027,172,0,0,6,22,0,144,0,333,5,1,33,487,796,3,1,82,201,7,1,49,83,1,401,303,0,13,0
TCGA-DD-A4NE-01A-11R-A27V-07,17,0,753,792,0,0,20,52,125,691,0,890,25,212,49,1825,993,0,133,3,1066,5,3,81,316,1501,160,1808,0,8,0
TCGA-CC-A9FV-01A-11R-A37K-07,0,0,1376,14,0,0,12,65,6,36,0,58,3,365,101,153,159,1,11,59,67,0,0,19,881,516,110,85,0,7,0
TCGA-DD-AACZ-01A-11R-A41C-07,0,58,1453,132,32,0,4,31,3,755,0,707,76,281,62,1351,625,4,787,2756,838,52,0,261,38,299,114,1412,27,219,51
TCGA-DD-AAE4-01A-11R-A41C-07,0,38,3216,69,2013,0,0,190,0,45,0,89,11,295,46,395,444,0,1,450,219,0,4,114,151,1632,1948,319,8,0,0
TCGA-ED-A5KG-01A-11R-A27V-07,0,4,1156,149,32,0,4,66,0,399,0,345,93,160,134,515,273,1,1788,7026,367,62,2,85,101,458,121,675,1,47,4
TCGA-DD-A4ND-01A-11R-A266-07,0,6,6381,221,94,96,93,822,1,235,0,207,117,1556,310,588,310,1,1365,371,377,233,8,1241,507,874,664,537,1,84,1
TCGA-RC-A6M5-01A-11R-A32O-07,1,1,47025,8,6779,0,25,335,134,24,3,55,4,9694,5293,131,49,0,54,81,32,13,19,17751,198,1116,4860,49,15,275,12
TCGA-FV-A2QQ-01A-11R-A22L-07,1,264,3592,37,2393,0,1,394,58,69,3,159,0,554,104,358,195,0,11756,459,146,1,33,453,90,128,385,128,15,877,0
TCGA-CC-A8HS-01A-11R-A36F-07,0,1,673,578,240,32,8,111,0,564,0,587,75,269,13,2698,1008,0,1330,798,665,3177,2,86,351,786,152,2021,0,1258,1
TCGA-DD-A1EH-01A-11R-A131-07,0,7,915,245,265,0,1,43,0,486,0,304,1,88,35,1053,462,0,1676,142,320,91,2,16,2293,251,66,585,0,4,10
TCGA-2Y-A9GX-01A-11R-A38B-07,0,30,10921,108,0,0,22,298,228,160,25,164,31,1658,620,271,211,1,1703,1224,165,0,4,3368,694,1738,1763,227,0,1,0
TCGA-DD-A73F-01A-11R-A32O-07,1,0,6193,257,141,1,0,358,110,255,1,563,58,3063,1814,640,1134,0,192,1284,600,0,2,6873,453,2069,846,612,1,6,0
TCGA-BC-A10Z-01A-11R-A131-07,0,104,3088,254,3169,128,0,32,0,345,0,687,4,1952,328,1039,609,0,539,8,450,0,0,449,692,424,230,603,48,249,1
TCGA-BC-A69H-01A-11R-A311-07,0,1,4444,81,2,0,0,16,2,83,35,905,19,1240,199,1200,980,0,1340,3391,1473,9,43,824,0,62,488,473,0,294,0
TCGA-DD-AADR-01A-11R-A41C-07,0,1,8903,102,0,0,0,176,0,175,0,91,0,3753,306,618,568,0,442,64,157,0,2,1433,230,179,1714,492,1,0,0
TCGA-ZP-A9CV-01A-11R-A38B-07,0,0,10805,30,0,0,6,87,2,71,0,96,3,2050,453,288,155,0,1248,99,90,0,0,2505,286,1053,1032,193,0,0,1
TCGA-ED-A7XP-01A-11R-A352-07,0,1,73821,67,1,0,15,62,123,203,28,259,25,31402,29144,332,248,0,754,320,204,0,34,297466,257,443,8079,396,0,127,0
TCGA-DD-A4NL-01A-11R-A28V-07,0,0,25914,5,0,0,1,994,2,17,1,29,4,5634,1532,94,16,0,442,21,26,5,35,13741,1494,1453,3498,43,0,3,1
TCGA-G3-A5SM-01A-12R-A28V-07,0,1,10703,190,2022,1,30,926,40,166,1,481,20,2000,359,661,594,0,641,786,326,0,6,3138,613,1557,860,410,0,7,0
TCGA-FV-A2QR-01A-11R-A213-07,0,1,1013,55,0,0,18,449,2,88,1,220,11,166,28,358,366,0,496,60,202,1,1,104,636,1890,84,262,0,4,0
TCGA-DD-AACK-01A-11R-A41C-07,0,7,21695,239,1,358,7,603,1153,397,37,294,9,8800,2538,961,424,6,4380,126,489,0,3,9301,2666,959,1648,570,0,6,1
TCGA-DD-A3A5-11A-11R-A22L-07,0,0,54345,1,0,0,32,1250,0,6,0,18,1,16556,5389,24,11,1,28,4,13,0,0,21496,2432,3554,5968,8,0,0,0
TCGA-5R-AA1D-01A-11R-A38B-07,0,8,38299,11,7954,0,12,124,4,36,1,38,21,15072,5735,136,56,0,63,163,52,35,8,15354,88,1548,4887,94,6,102,25
TCGA-CC-A123-01A-11R-A131-07,0,0,19470,15,0,0,0,11,0,48,0,158,35,8913,2898,765,408,0,1126,229,831,252,2,9068,33,277,3949,257,0,6,0
TCGA-CC-A7IK-01A-12R-A33R-07,0,1,6929,216,1,0,1,105,0,382,0,981,18,2746,48,794,303,0,21,23,1391,0,1,1258,133,1154,722,769,0,2034,1
TCGA-DD-AADY-01A-11R-A41C-07,0,49,463,122,4389,0,0,16,0,154,0,83,17,33,60,315,256,0,250,17,72,155,0,22,121,47,21,170,1,15,1
TCGA-DD-A39V-11A-11R-A213-07,0,0,44316,0,11,0,26,1066,0,6,0,10,3,14100,4412,42,26,0,28,76,11,3,0,23266,2209,2022,6632,14,0,0,0
TCGA-DD-A39V-01A-11R-A213-07,0,0,2664,15,4,0,1,44,2,29,65,106,22,269,42,365,309,0,274,132,299,0,55,151,122,390,418,159,0,1174,0
TCGA-G3-A25V-01A-11R-A16W-07,0,17,24366,27,99,0,7,1560,13,33,8,95,5,5489,558,175,126,0,1091,566,86,8,4,5517,339,654,2453,91,0,1,0
TCGA-2Y-A9H9-01A-21R-A39D-07,0,0,10723,102,79,0,0,269,1,214,0,262,39,1703,309,587,598,0,176,146,196,5,1,98,557,1001,1538,287,1,14,0
TCGA-BC-A8YO-01A-11R-A37K-07,0,0,2274,386,0,0,0,120,720,609,3,1458,185,168,49,2287,1169,1,242,542,2107,4,4,224,65,1159,274,1685,0,21,0
TCGA-RC-A7S9-01A-11R-A33R-07,0,21,4890,209,893,0,0,46,39,292,0,762,1,385,80,1189,720,1,147,417,1059,0,0,160,1,1071,270,1309,0,274,17
TCGA-G3-AAV3-01A-11R-A37K-07,0,0,1376,185,0,0,0,85,16,189,10,355,7,262,72,700,336,0,87,1846,333,4,14,257,371,1302,189,516,0,3888,0
TCGA-UB-AA0V-01A-11R-A38B-07,0,0,8799,11,0,0,10,456,0,18,0,24,3,2954,1002,91,82,1,48,9,24,0,2,5530,1191,552,1265,33,0,0,0
TCGA-2Y-A9H5-01A-11R-A38B-07,0,1,1160,124,140,33,26,73,1,150,0,297,4,414,90,600,214,0,1079,267,202,4,5,297,87,405,102,346,0,55,4
TCGA-CC-A8HV-01A-11R-A36F-07,1,1,2174,117,27,0,13,34,39,182,0,324,18,648,34,830,380,1,1514,92,692,78,2,175,0,314,387,682,0,307,0
TCGA-BC-A5W4-01A-11R-A28V-07,0,0,7094,12,15,0,1,476,0,29,0,99,0,4065,186,181,255,0,51,32,300,0,1,2687,202,1721,1229,92,0,500,0
TCGA-DD-A1EE-11A-11R-A131-07,0,0,23606,1,183,0,27,1179,3,4,0,17,0,8080,4680,26,9,0,38,173,5,1,2,19136,2057,3395,4130,15,0,1,0
TCGA-DD-A3A7-01A-11R-A22L-07,0,0,897,14,1,0,0,24,218,43,0,171,0,159,100,307,497,0,2006,87,638,0,3,179,1,304,113,205,0,4,0
TCGA-G3-AAV7-01A-11R-A38B-07,1,4,1144,527,10,1258,0,45,113,998,1,1596,73,261,69,2639,2168,0,530,3449,3179,4,32,207,338,117,306,4011,0,18,0
TCGA-DD-A4NI-01A-11R-A27V-07,0,0,5102,19,2,0,1,555,1,61,1,57,1,1184,57,185,96,1,65,126,35,1,1,309,992,1028,1838,96,0,24,0
TCGA-CC-A9FU-01A-11R-A37K-07,0,0,4069,434,0,1,6,201,0,555,0,1171,20,1291,126,1930,1587,0,2000,1014,2249,480,2,830,53,104,405,1446,0,1795,0
TCGA-DD-AAE0-01A-11R-A41C-07,0,0,1039,30,22,0,17,16,0,139,0,279,2,344,107,699,479,0,569,652,498,33,2,424,1,29,99,328,0,15,7
TCGA-CC-5264-01A-01R-A131-07,1,8,8602,1531,70,39,22,206,0,1131,0,1624,90,6358,1703,5710,1792,0,188,318,2610,16,12,6704,340,2194,1033,3058,4,4,18
TCGA-DD-AADB-01A-11R-A41C-07,0,0,3597,319,1,216,0,74,0,379,0,670,47,1641,309,1697,470,1,2167,1902,724,536,2,670,248,520,438,994,0,409,0
TCGA-BC-A216-11A-11R-A155-07,0,0,49090,31,3,1,35,1064,4,94,90,100,66,17265,7794,84,28,0,317,73,115,0,0,39295,2555,4173,12406,115,0,105,0
TCGA-BC-A10Y-01A-11R-A131-07,0,0,4361,479,26,0,1,31,1,511,0,452,58,2133,469,1841,2713,0,246,402,1087,0,2,1262,50,1241,245,1181,0,50,4
TCGA-CC-A3MA-01A-11R-A213-07,0,0,4259,180,0,0,70,78,2,485,0,1231,74,2297,774,2358,1377,1,74,33880,1471,16,8,1326,137,196,493,2204,0,507,0
TCGA-DD-A73B-01A-12R-A32O-07,18,0,1286,516,0,1,0,662,1,236,0,599,17,194,32,1221,857,0,61,30,442,0,0,84,839,1599,158,1206,0,54,0
TCGA-DD-A119-11A-11R-A131-07,0,0,42619,1,1,0,45,1545,0,4,0,13,4,12952,8831,22,16,0,74,45,10,0,0,36804,4322,4762,5769,20,0,17,0
TCGA-RC-A7SF-01A-11R-A352-07,0,27,2094,46,737,0,1,36,11,86,4,144,46,427,29,466,382,0,192,210,224,1,0,93,44,284,220,242,11,3,0
TCGA-DD-AACW-01A-11R-A41C-07,0,6,4718,120,165,95,1,73,1,252,0,373,13,1883,314,978,424,0,1635,80,344,91,5,785,125,89,495,749,0,82,5
TCGA-DD-AACB-01A-11R-A41C-07,0,0,1957,52,0,0,1,29,18,75,12,191,8,309,32,338,260,0,180,526,690,1,243,183,1,213,160,320,0,165,0
TCGA-DD-A3A8-01A-11R-A22L-07,0,0,1901,11,0,0,1,259,0,13,0,93,3,253,23,207,175,0,7,45,77,26,2,206,256,842,864,111,0,2194,0
TCGA-DD-A3A8-11A-11R-A22L-07,0,0,30102,5,0,0,39,942,1,4,0,10,0,6323,2628,21,62,0,9,95,10,0,0,18081,2122,772,6008,6,0,3,0
TCGA-CC-5258-01A-01R-A131-07,0,0,731,314,0,0,6,169,2,699,4,951,208,237,63,1834,552,0,5205,4094,991,101,5,206,118,275,139,1048,0,116,0
TCGA-5C-AAPD-01A-21R-A39D-07,0,59,2739,75,20,0,7,206,0,172,67,745,208,866,178,1152,647,0,626,1887,1164,0,0,636,179,371,245,359,25,11,0
TCGA-ED-A459-01A-11R-A266-07,0,0,3143,177,5,99,23,592,12,135,0,742,6,831,300,1140,738,0,661,216,803,4,94,1124,359,1510,379,524,0,2042,1
TCGA-DD-AAE2-01A-11R-A41C-07,26,10,16206,183,28,1,9,238,1,219,0,288,24,6155,1538,635,303,1,9,210,360,0,1,9607,524,6227,2391,190,6,10,0
TCGA-DD-AAW3-01A-11R-A41C-07,13,0,2609,30,0,0,1,14,1,32,0,53,0,1240,98,182,95,0,8,15,42,0,1,450,106,1816,548,78,0,1,0
TCGA-BW-A5NP-01A-11R-A27V-07,0,8,1226,150,214,0,17,31,0,382,0,256,15,90,27,699,513,0,2744,93,340,594,1,100,91,93,173,948,4,346,28
TCGA-DD-A4NK-01A-11R-A28V-07,0,0,15215,31,0,0,0,559,2,41,4,66,11,4784,352,159,61,0,34,21,52,0,0,3453,1528,1137,3473,74,0,1,4
TCGA-DD-AA3A-01A-11R-A37K-07,0,0,2246,141,1,0,6,64,32,503,0,807,25,1316,230,1643,977,4,153,565,870,367,4,551,35,50,179,541,1,7,1
TCGA-BC-4072-01B-11R-A155-07,1,0,4342,350,16,0,38,80,336,731,7,896,26,1748,683,1355,713,3,3195,1169,903,226,4,715,1,188,643,1228,0,4488,0
TCGA-DD-A73G-01A-22R-A32O-07,0,21,2171,17,12073,0,10,46,3,20,0,315,29,325,59,1047,428,0,107,206,332,23,13,57,0,196,199,266,11,512,115
TCGA-XR-A8TD-01A-12R-A39D-07,0,0,6570,229,0,0,29,51,1,258,1,572,16,1601,306,737,1214,1,267,2884,1084,0,5,810,934,1918,854,431,0,3,0
TCGA-KR-A7K0-01A-12R-A33R-07,0,1,11759,28,0,0,7,166,815,92,3,101,9,2939,316,333,75,1,374,40,132,1,5,2347,341,290,2498,151,1,18,0
TCGA-DD-A11A-01A-11R-A131-07,0,0,5509,240,2127,36,0,144,1,113,0,141,21,2197,258,817,430,0,734,203,174,1,2,563,747,199,469,465,4,20,0
TCGA-DD-AADM-01A-11R-A41C-07,0,0,2159,60,18,0,0,42,31,57,0,259,9,307,75,408,431,0,519,123,467,4,0,224,107,424,325,289,0,0,0
TCGA-DD-AACF-01A-11R-A41C-07,0,0,7190,295,0,0,0,14,0,126,0,232,21,3476,118,963,3233,1,557,126,313,1,7,46,424,1255,1303,514,0,233,0
TCGA-DD-AADV-01A-11R-A39D-07,0,42,12860,568,1591,38,13,860,15,568,0,505,24,4299,491,1270,1023,0,78,21,627,0,5,4104,145,915,1347,973,15,3,13
TCGA-5C-A9VH-01A-11R-A37K-07,0,0,1133,99,2,0,18,44,0,67,1,200,12,278,59,516,224,0,1124,77,184,1,6,119,44,140,97,373,0,35,4
TCGA-DD-A3A6-11A-11R-A22L-07,0,3,48606,0,0,0,1,778,3,0,0,6,0,15932,7471,20,11,0,10,8,5,0,0,28076,902,3343,7071,0,0,4,0
TCGA-DD-A4NV-01A-11R-A311-07,0,0,13806,37,0,1,10,855,1,47,4,51,0,3424,417,219,321,1,189,123,65,0,1,2719,2161,1875,1449,90,0,0,1
TCGA-DD-A3A6-01A-11R-A22L-07,0,0,8494,1,0,0,35,65,0,20,0,33,41,1242,87,326,203,0,0,202,179,47,40,126,706,156,1494,54,0,1,0
TCGA-FV-A3I1-01A-11R-A22L-07,0,13,1452,147,32,0,51,184,1398,319,13,551,7,183,47,758,295,3,218,1507,590,0,61,70,83,191,54,409,1,28,1
TCGA-DD-AAVZ-01A-11R-A41C-07,0,13,1332,185,4954,1,4,49,0,151,0,217,0,299,39,505,236,3,610,60,245,76,20,41,367,645,102,402,1,194,10
TCGA-DD-A1EC-11A-11R-A131-07,0,0,27690,3,1,0,69,1894,1,12,0,17,0,8566,6012,29,15,0,117,15,7,0,0,19549,4620,4854,5480,13,0,34,0
TCGA-ZS-A9CD-01A-11R-A37K-07,0,0,20245,20,10,0,7,465,1,34,0,40,5,4691,418,141,185,0,1570,311,78,1,45,1124,315,289,3360,48,0,3,0
TCGA-UB-A7MD-01A-12R-A352-07,0,15,31410,76,54,0,9,119,375,174,657,186,28,5370,654,528,247,0,974,538,459,5,21,6717,217,280,3905,169,4,19,8
TCGA-DD-A1EB-01A-11R-A131-07,0,1,4674,43,0,0,4,299,1,43,0,77,0,1603,26,187,131,0,59,42,61,0,3,326,2062,3454,1393,49,0,0,0
TCGA-WJ-A86L-01A-12R-A39D-07,18,54,354,170,566,336,1,55,1,163,0,257,9,27,14,846,813,0,455,203,394,0,0,32,598,2940,89,275,13,3,1
TCGA-FV-A4ZQ-01A-11R-A266-07,0,0,7312,422,0,0,0,55,0,777,1,920,15,3120,935,1473,806,3,304,584,1318,0,0,2605,23,702,466,1819,1,69,0
TCGA-LG-A9QD-01A-11R-A38B-07,0,0,39783,6,0,0,0,846,0,15,0,40,8,8592,2001,108,46,0,451,27,25,1,18,9751,1504,340,9911,38,0,1,0
TCGA-DD-AAD5-01A-11R-A41C-07,0,6,6625,136,0,0,65,67,427,400,368,717,921,392,254,876,630,1,138,46,966,5,8,513,0,299,957,780,1,1,1
TCGA-DD-AADL-01A-11R-A41C-07,0,4,4496,357,42,0,0,1432,1,256,1,258,11,1706,322,853,876,0,210,15,359,4,1,3870,1120,1240,1753,519,0,109,0
TCGA-G3-A7M7-01A-12R-A352-07,0,10,11590,8,29752,0,1,1231,11,20,0,64,7,2412,143,126,66,0,271,392,80,1,3,959,90,212,850,47,9,0,1
TCGA-MR-A8JO-01A-12R-A36F-07,0,17,8971,39,3016,0,0,198,4,74,0,134,18,2448,366,273,120,0,66,631,144,473,16,1099,93,430,741,206,17,489,29
TCGA-DD-A11C-11A-11R-A131-07,0,0,7427,3,0,0,27,468,0,1,0,4,0,2525,977,25,20,0,1,6,9,0,0,4510,2362,2307,1254,12,0,0,0
TCGA-DD-AAE1-01A-11R-A41C-07,0,0,2731,43,209,55,0,85,0,86,0,102,17,1082,21,307,147,0,1790,47,57,44,4,286,118,261,433,193,0,19,0
TCGA-DD-A11C-01A-11R-A131-07,34,39,585,533,15,0,1,603,1,444,0,972,0,109,28,1474,2981,0,453,197,743,5,4,33,625,2096,329,490,21,6,0
TCGA-RG-A7D4-01A-12R-A33R-07,0,1,1419,165,9,0,13,36,2,336,1,825,14,166,94,1344,819,0,743,1779,719,33,26,350,1,114,200,593,1,210,8
TCGA-BC-A10Q-01A-11R-A131-07,0,0,619,97,5,0,48,48,0,650,8,816,37,132,160,1260,347,5,167,437,503,6,3,15,16,113,65,461,4,6,1
TCGA-WX-AA46-01A-11R-A39D-07,0,0,36559,6,0,0,13,377,1,20,0,39,1,11305,2137,102,51,10,12,41,39,0,0,14953,5458,904,4405,48,0,1,0
TCGA-MI-A75E-01A-11R-A32O-07,0,0,6834,42,1,0,13,855,1,73,1,155,36,963,225,444,129,0,415,277,213,0,6,850,322,3056,1064,126,0,8,4
TCGA-FV-A23B-11A-11R-A16W-07,0,0,14930,11,0,0,24,1179,2,18,0,31,1,6004,954,72,43,0,261,386,28,3,4,5451,2149,1010,1698,45,0,0,0
TCGA-FV-A23B-01A-11R-A16W-07,0,0,620,390,0,52,0,722,0,458,0,337,35,128,49,746,512,0,3890,354,307,823,4,315,1339,187,124,872,0,153,1
TCGA-2Y-A9H1-01A-11R-A38B-07,0,0,5348,3,2,0,0,194,2,10,1,28,17,1237,43,96,27,0,137,565,50,0,1,230,0,297,511,12,0,6,0
TCGA-CC-5262-01A-01R-A131-07,0,8,6358,162,25,0,12,44,3,165,29,394,30,1140,84,940,590,1,2006,243,701,4,4,471,104,498,340,448,0,4,0
TCGA-DD-A4NF-01A-11R-A27V-07,0,0,1132,24,0,0,0,800,9,17,52,36,43,103,15,115,60,0,25,6,22,4,2,240,119,378,269,45,0,1,23
TCGA-DD-AADK-01A-11R-A41C-07,0,49,1856,113,1248,0,17,541,0,91,1,389,24,336,64,829,825,4,834,464,302,25,157,87,225,660,225,531,7,58,17
TCGA-BC-A10U-01A-11R-A131-07,0,5,1778,115,0,44,0,52,232,142,39,281,178,188,82,690,245,0,658,52,305,0,22,201,112,1117,769,192,1,209,0
TCGA-DD-A4NP-01A-11R-A28V-07,0,0,9935,27,0,0,1,551,1,1,0,33,0,2317,466,178,101,0,25,29,8,0,867,2362,1412,3642,3134,17,0,2428,0
TCGA-FV-A3R2-01A-11R-A22L-07,0,0,3427,129,0,0,0,786,1,227,0,292,19,1798,471,553,772,0,401,494,580,1,0,1721,1161,827,526,420,0,0,0
TCGA-BC-A110-11A-11R-A131-07,0,0,96844,1,60,0,42,436,0,1,0,9,2,30401,5576,21,5,4,248,98,3,0,2,35055,2226,2116,12100,13,0,3,1
TCGA-DD-AADF-01A-11R-A41C-07,0,18,2358,149,7426,0,0,403,2,88,0,268,5,83,43,702,2277,1,61,81,546,4,1,64,194,665,673,361,35,25,1
TCGA-ZP-A9D2-01A-11R-A38B-07,0,0,3116,212,1,144,134,223,311,615,0,545,8,1490,250,1429,567,0,295,177,500,4,0,590,133,408,667,698,0,1,7
TCGA-DD-AACP-01A-11R-A41C-07,1,0,2011,235,0,0,0,178,4,754,6,858,22,340,113,2289,1299,0,808,388,1222,28,9,582,80,884,276,1135,0,1387,1
TCGA-BD-A3ER-01A-11R-A213-07,0,0,9046,19,0,0,12,762,161,60,0,74,10,1329,206,173,81,0,2518,641,116,4,2,1163,565,1046,839,105,0,1,0
TCGA-RC-A6M3-01A-11R-A32O-07,0,1,12783,142,23,1,7,27,3,371,26,845,383,4764,926,1111,596,0,158,191,1085,34,26,2885,41,249,1558,1086,0,1379,5
TCGA-ZP-A9CY-01A-11R-A38B-07,0,1,9532,46,23,0,13,734,1,50,1,76,1,2381,200,226,141,0,347,234,67,5,1,1858,1421,1759,1697,106,0,16,0
TCGA-DD-AACA-01A-11R-A41C-07,0,0,3253,669,1,0,1,78,0,452,0,334,22,1362,280,1313,1140,0,114,75,279,7,1,1174,300,116,488,655,0,7,0
TCGA-BC-A110-01A-11R-A131-07,0,1,49109,3,12,0,46,121,0,4,3,17,3,12869,1476,47,13,3,2984,88,16,0,2,10279,380,362,6248,24,0,3,1
TCGA-FV-A3I1-11A-11R-A22L-07,0,0,12049,3,0,0,47,1208,1,6,0,13,2,4295,1543,36,17,1,9,112,14,0,1,9850,3424,1094,2128,9,0,3,0
TCGA-UB-A7MA-01A-11R-A33R-07,0,22,752,168,270,0,6,40,2,377,5,528,43,326,144,681,938,3,3257,130,788,0,24,91,1,51,117,1193,0,129,0
TCGA-KR-A7K2-01A-12R-A33R-07,0,1,2650,51,2219,0,4,236,0,34,0,119,7,309,48,361,174,0,885,118,145,0,0,32,44,620,160,214,0,16,1
TCGA-DD-A1EC-01A-21R-A131-07,0,0,20224,117,0,0,5,129,601,199,224,394,72,3833,1186,847,638,3,79,3764,254,5,4,1269,208,1195,2308,484,0,86,0
TCGA-DD-AADN-01A-11R-A41C-07,0,0,5689,15,1,0,0,7,0,55,0,160,0,1461,275,646,394,0,510,943,974,0,0,362,0,44,373,97,0,52,0
TCGA-2Y-A9HA-01A-11R-A39D-07,0,37,5170,166,31,139,0,209,2,379,79,371,121,3548,525,893,457,0,342,446,525,8,3,4126,308,429,588,566,7,579,7
TCGA-K7-A5RG-01A-11R-A28V-07,0,64,6541,244,489,1,19,436,15,367,1,388,1,1802,194,736,530,3,264,1245,628,56,1,709,350,820,251,310,1,53,7
TCGA-T1-A6J8-01A-11R-A32O-07,0,0,4928,16,0,0,0,134,12,43,0,35,5,850,119,79,160,0,173,53,40,5,9,81,302,493,208,36,0,6,0
TCGA-CC-A3MC-01A-11R-A22L-07,0,10,3353,118,1777,0,42,55,686,317,1,583,24,551,135,1005,1134,0,610,120,439,16,57,345,358,279,282,501,0,37,1
TCGA-ES-A2HS-01A-11R-A180-07,0,0,2585,9,0,0,0,361,0,17,0,64,3,636,17,415,399,0,15,18,177,0,1,57,211,229,306,86,0,0,0
TCGA-DD-A1EB-11A-11R-A131-07,0,0,33092,5,0,0,88,1325,0,7,0,17,17,8643,2522,44,27,1,22,44,22,0,0,15497,5142,7127,3472,14,0,1,0
TCGA-G3-A25T-01A-11R-A16W-07,0,0,15115,67,1,0,22,57,1,355,3,765,21,4199,910,1383,665,8,250,2453,901,4,9,2980,123,309,1831,807,0,30,1
TCGA-2Y-A9GU-01A-11R-A38B-07,0,0,1276,42,8696,0,8,109,11,158,0,295,1,118,13,562,113,0,59,33,265,34,0,24,129,1378,17,280,15,8,10
TCGA-CC-A8HT-01A-11R-A36F-07,0,13,1311,227,41,1411,7,42,300,1040,3,810,82,274,128,2000,985,1,1609,296,2214,0,3,424,159,336,276,648,4,2517,1
TCGA-ED-A7PX-01A-51R-A352-07,15,1,1585,78,5,1324,24,42,4,347,1,519,38,366,63,632,368,1,205,502,649,26,8,226,32,164,156,565,0,0,5
TCGA-LG-A9QC-01A-11R-A37K-07,0,0,2152,58,1,0,48,8,1,112,90,88,30,139,58,405,208,1,205,65,36,1,771,40,74,270,254,184,0,1390,0
TCGA-DD-AAE9-01A-11R-A41C-07,0,0,526,18,0,0,0,24,2,43,0,74,10,122,8,259,320,0,121,31,138,0,259,113,71,254,153,222,0,3,0
TCGA-K7-A5RF-01A-11R-A28V-07,0,0,20694,17,23,0,32,679,1,13,0,28,4,5522,2293,79,66,1,256,511,22,4,3,11985,1727,2670,1694,38,0,0,0
TCGA-XR-A8TC-01A-11R-A36F-07,1,0,1987,242,229,0,1,61,4,295,0,187,0,240,76,796,531,0,724,79,151,170,1,353,34,141,349,792,0,2750,8
TCGA-G3-AAV0-01A-11R-A37K-07,0,0,1074,9,0,0,4,372,0,24,1,50,0,120,18,134,158,0,280,10,95,0,0,20,477,2119,124,72,0,0,0
TCGA-DD-AAEK-01A-11R-A41C-07,0,0,5427,90,5,0,1,186,1,135,0,142,3,1351,65,344,137,1,84,807,72,0,97,458,1258,561,611,153,0,19,0
TCGA-DD-A4NO-01A-11R-A28V-07,0,0,4445,33,9,0,26,397,41,43,0,50,4,707,68,203,217,1,684,111,43,7,4,236,272,1298,326,131,0,364,1
TCGA-ZS-A9CE-01A-11R-A37K-07,0,0,938,67,0,0,0,353,1,101,0,168,0,301,40,419,222,0,90,6,209,1,0,1,415,3565,490,170,0,5,0
TCGA-BC-A10Z-11A-11R-A131-07,0,1,39354,5,2,0,45,445,4,1,4,19,15,12215,1979,50,4,1,1363,49,0,1,13,10812,702,1707,3042,6,0,1,0
TCGA-DD-A118-11A-11R-A131-07,0,0,27549,3,0,0,32,553,1,14,0,20,0,11419,3805,49,10,1,11,50,18,0,1,17672,2750,1667,4989,43,0,3,0
TCGA-ED-A7PZ-01A-11R-A33R-07,0,0,2485,209,2,0,6,21,1,90,3,739,51,534,80,784,269,1,107,500,822,4,11,636,0,50,602,576,0,2174,1
TCGA-HP-A5N0-01A-11R-A28V-07,0,0,2697,8,1,0,9,614,1,11,0,40,11,1148,318,98,49,0,76,35,25,5,10,2512,671,2534,675,56,0,1,0
TCGA-ED-A8O6-01A-11R-A36F-07,0,0,1360,108,703,200,6,35,3,399,0,511,11,274,366,1274,495,1,2074,293,1365,149,7,604,1,43,144,460,0,2268,4
TCGA-CC-A3M9-01A-11R-A213-07,0,31,7670,257,6,0,9,247,6,1614,0,2454,569,2554,343,3006,1865,4,48,3255,6236,1,2,521,1,583,526,3531,50,102,192
TCGA-DD-AACS-01A-11R-A41C-07,0,0,464,386,1,1,1,16,325,263,0,224,11,30,17,758,2303,0,240,17,167,0,0,44,34,1001,35,455,0,6,0
TCGA-DD-AAC8-01A-11R-A41C-07,0,0,1267,24,0,0,0,30,21,47,22,109,9,87,17,257,144,0,922,343,112,1,294,1,33,498,75,133,0,3824,0
TCGA-KR-A7K8-01A-11R-A33J-07,0,94,6267,61,2,0,0,17,1,84,1,346,85,970,194,940,1028,331,233,272,415,1,2,638,335,187,1226,222,21,7,0
TCGA-DD-A1EJ-11A-11R-A155-07,0,0,41188,9,0,0,82,625,2,9,7,27,21,12518,3003,69,30,1,1214,24,20,0,11,19951,1567,2601,8226,38,0,4,1
TCGA-DD-A1EJ-01A-11R-A155-07,1,29,2014,210,7,1,33,32,0,518,0,1017,18,150,130,977,1250,0,6682,398,1351,118,6,384,238,153,327,987,9,139,15
TCGA-DD-AAED-01A-12R-A41C-07,0,0,28652,6,0,0,5,10,2,58,0,117,10,40867,4183,335,106,0,1275,3615,137,0,5,46120,1,145,14978,137,0,15,0
TCGA-BC-A10Y-11A-11R-A131-07,0,0,14900,3,0,0,59,624,5,6,4,17,4,6893,1039,40,9,0,20,115,6,0,6,5955,1699,2008,3234,15,0,4,3
TCGA-DD-A1EE-01A-11R-A131-07,0,0,5583,118,2,0,6,641,1664,231,33,278,13,571,56,829,380,1,354,141,206,0,36,279,18,190,735,332,0,0,0
TCGA-WX-AA44-01A-11R-A39D-07,0,0,1399,95,71,0,17,110,510,208,1,291,3,442,52,886,698,0,853,99,481,4,6,217,33,458,236,467,0,10,4
TCGA-DD-A1EG-01A-11R-A213-07,0,0,3137,138,9,0,6,102,1,241,0,479,5,509,111,728,516,1,2590,3621,467,5,3,430,68,363,200,453,0,5,1
TCGA-DD-A1EG-11A-11R-A213-07,1,0,59526,11,5,0,25,620,0,7,1,14,25,23097,2772,36,20,1,98,138,13,0,1,18800,1157,2919,8748,20,0,1,0
TCGA-2Y-A9H8-01A-11R-A39D-07,0,0,1248,260,550,45,8,179,1,110,0,425,25,149,79,576,535,0,737,842,692,805,2,41,109,1878,69,462,1,257,1
TCGA-RC-A7SB-01A-21R-A352-07,0,34,4167,78,38,0,5,479,1,166,1,273,46,2253,217,607,958,3,452,52,317,4,0,1880,1269,1269,1524,235,23,3,0
TCGA-ZP-A9CZ-01A-11R-A38B-07,0,29,1371,313,959,331,7,36,130,452,0,684,35,613,172,1870,1707,0,210,326,962,4,2,105,80,304,185,890,0,124,1
TCGA-DD-A1EI-11A-11R-A131-07,5,0,23183,27,0,0,43,1054,0,46,0,47,3,9689,2620,112,168,1,20,14,56,0,0,13221,3693,3315,3592,61,0,0,0
TCGA-DD-A39Z-01A-11R-A213-07,0,59,1762,24,4001,1,4,1,0,59,1,109,1,52,28,412,272,3,411,16,361,4,8,122,49,99,130,355,9,1,1
TCGA-BD-A2L6-01A-11R-A213-07,0,0,30090,261,0,0,6,613,0,284,0,491,5,11212,9559,718,1648,1,189,48,1370,8,1,43234,224,6958,6119,1107,0,0,0
TCGA-2Y-A9H7-01A-11R-A39D-07,0,0,1108,120,1,0,0,466,0,233,0,334,18,243,110,963,299,4,2224,62,331,233,0,66,319,69,125,459,0,7,0
TCGA-DD-AAD0-01A-11R-A41C-07,0,0,1964,144,0,0,0,22,0,266,0,567,41,172,37,779,639,0,25,246,244,0,5,55,494,657,141,257,0,354,0
TCGA-G3-A25X-01A-11R-A16W-07,0,8,4766,48,89,0,10,21,19,222,3,792,105,1351,116,1692,1756,0,2129,654,1470,17,1,254,24,102,484,484,0,131,1
TCGA-BD-A2L6-11A-21R-A213-07,1,0,39377,11,0,0,49,824,0,39,0,50,6,11341,4656,106,20,4,427,1666,25,1,10,23713,1238,797,4880,69,0,0,0
TCGA-BC-A10R-11A-11R-A131-07,0,0,59589,1,0,0,41,913,2,9,7,22,2,21800,5200,31,31,4,90,46,10,0,10,25178,5721,3016,10571,15,0,0,0
TCGA-DD-A4NB-01A-12R-A266-07,0,21,11455,40,2616,0,64,803,157,59,0,62,1,2914,337,209,83,0,94,70,63,1,0,870,477,2648,1345,130,13,10,7
TCGA-BC-A10R-01A-11R-A131-07,1,46,2097,24,5659,0,5,319,11,76,13,166,14,232,73,265,140,1,358,47,94,431,2,409,30,184,261,99,23,16,17
TCGA-G3-AAV2-01A-11R-A37K-07,0,0,1167,1,0,0,5,442,1,4,8,68,5,177,0,151,54,0,64,24,55,12,5,60,75,1629,496,37,0,683,0
TCGA-DD-AAD3-01A-11R-A41C-07,1,0,1280,49,0,1,14,255,9,90,0,153,12,222,36,297,129,0,635,361,164,0,1,76,257,919,178,133,0,1,0
TCGA-DD-A11B-01A-11R-A131-07,1,0,868,169,1048,0,1,279,0,116,0,76,0,380,21,440,231,1,244,6,50,4,2,112,2102,148,185,300,0,1,0
TCGA-DD-A11B-11A-11R-A131-07,0,1,12540,9,10,0,12,895,0,11,0,11,2,5580,1029,30,50,0,36,110,10,0,0,6502,2076,723,2797,11,0,1,0
TCGA-DD-A11D-11A-12R-A131-07,0,0,25813,5,11,0,34,649,1,12,0,23,0,8705,3666,74,17,1,351,306,14,0,1,14628,3972,2782,3043,17,0,1,0
TCGA-CC-5261-01A-01R-A131-07,0,0,639,370,285,718,30,76,0,327,0,333,3,165,60,700,864,3,2120,486,366,47,3,139,91,275,51,612,4,135,7
TCGA-DD-AAVW-01A-11R-A41C-07,0,13,785,88,947,0,47,52,0,168,0,264,3,228,57,455,143,0,3613,408,127,8,0,251,91,164,86,344,0,696,8
TCGA-BC-A3KF-01A-11R-A213-07,0,0,6293,211,6,0,0,576,0,214,1,330,3,1782,611,1011,468,0,172,40,356,4,0,3192,521,1082,818,548,0,13,1
TCGA-G3-A5SI-01A-31R-A27V-07,0,0,3825,451,54,23,0,15,1,264,0,628,6,1451,117,960,2719,0,72,10,706,0,1,306,156,378,646,1236,0,6,1
TCGA-DD-AAVU-01A-11R-A41C-07,0,0,1180,22,13,0,0,8,0,83,0,208,23,82,77,432,465,0,151,2632,272,1,1,82,73,94,331,225,0,524,0
TCGA-DD-AACQ-01A-11R-A41C-07,0,0,693,157,0,25,1,42,1386,109,0,250,9,96,17,717,9017,0,295,9,420,0,2,15,165,647,53,98,0,0,0
TCGA-G3-A3CG-01A-11R-A213-07,0,1,9316,24,320,0,1,36,1,41,21,35,21,1788,80,231,170,0,1936,100,27,4,6,148,347,1124,1389,72,0,1,1
TCGA-DD-AAW2-01A-11R-A41C-07,0,0,1461,29,0,0,0,7,0,57,5,30,13,520,40,211,154,0,12,8,69,5,4,893,62,1141,266,90,0,5,0
TCGA-G3-AAV5-01A-11R-A37K-07,1,0,13732,36,0,0,0,52,1,118,0,193,6,3818,40,723,410,1,58,78,410,1,4,308,18,129,2302,445,0,3,4
TCGA-G3-A7M8-01A-11R-A33R-07,0,0,8197,31,0,0,1,768,0,26,1,51,0,1287,236,134,190,0,129,4,37,4,1,783,340,89,997,67,0,1,0
TCGA-G3-A7M9-01A-23R-A352-07,18,82,3214,467,3365,263,19,566,9,1407,7,2711,236,2391,625,4989,1542,14,2254,2359,6634,519,30,2563,204,104,566,2752,58,1080,127
TCGA-G3-AAV4-01A-11R-A38B-07,0,0,9161,54,0,0,0,27,0,91,1,74,25,52,186,372,137,0,0,40,219,1,114,1222,91,1451,2401,160,0,1906,0
TCGA-EP-A3JL-01A-11R-A213-07,1,4,4569,69,19,0,0,407,7,69,1,225,4,766,112,592,693,0,716,867,331,1,19,906,147,622,575,314,1,452,1
TCGA-MI-A75I-01A-11R-A32O-07,0,0,731,189,0,204,1,191,191,309,5,296,60,80,38,604,716,0,513,275,534,0,1,76,209,501,128,558,0,1,0
TCGA-FV-A4ZP-01A-12R-A266-07,0,0,3359,11,6,0,0,25,0,33,0,391,6,473,47,1708,1001,5,925,1824,1668,17,0,258,0,165,229,491,0,4,1
TCGA-DD-AAVP-01A-11R-A41C-07,0,0,1046,17,0,0,4,199,0,22,0,84,3,113,18,120,101,0,1,23,90,0,0,264,123,57,131,114,0,1783,0
TCGA-DD-AAEH-01A-11R-A41C-07,0,0,1221,40,2,0,0,42,2,53,0,103,0,233,54,288,123,0,187,35,184,5,2,138,158,1009,105,204,0,1,1
TCGA-DD-A114-01A-11R-A131-07,0,0,1489,468,36,0,19,242,191,337,1,656,155,483,101,1409,583,0,222,1686,1354,16,0,315,191,115,51,493,0,54,4
TCGA-FV-A3R2-11A-11R-A22L-07,0,0,37288,3,12,0,33,539,0,4,0,32,1,15749,4341,51,27,1,84,132,20,0,0,20994,2097,1291,4732,16,0,3,0
TCGA-BC-4073-01B-02R-A131-07,0,64,3545,393,2652,0,15,51,98,814,10,786,166,1113,118,1394,523,1,3362,3598,746,367,4,243,96,972,222,1705,66,83,5
TCGA-KR-A7K7-01A-11R-A33J-07,1,0,4529,36,0,0,0,37,1,152,227,391,9,684,145,1598,1086,0,4930,546,1256,9,330,506,60,466,490,466,0,2853,0
TCGA-O8-A75V-01A-11R-A32O-07,0,0,2557,55,0,0,0,37,0,76,1,298,14,514,78,464,213,0,1053,1080,285,0,39,491,90,348,251,209,0,10,0
TCGA-BC-A69I-01A-11R-A311-07,0,0,51985,5,0,0,0,150,0,8,44,46,0,14999,2325,257,89,0,15,48,69,4,2,9599,385,367,9835,74,0,0,0
TCGA-ED-A97K-01A-21R-A38B-07,0,0,9814,90,0,0,18,539,2,228,216,616,17411,2420,1323,672,254,0,470,1693,244,316,4,5078,432,324,980,370,0,16,0
TCGA-DD-A73C-01A-12R-A33J-07,0,0,2161,33,0,0,0,49,0,52,0,78,4,281,25,196,91,0,7,28,69,8,1,36,1940,823,411,80,0,5,0
TCGA-ES-A2HT-01A-12R-A180-07,0,269,30040,0,41798,0,1,28,1,8,6,64,25,3223,177,113,91,1,1086,611,68,0,48,1445,80,1058,1361,42,64,34,5
TCGA-DD-A3A1-01A-11R-A213-07,0,0,3682,24,0,0,5,158,137,27,1,205,1,1276,139,193,250,0,4809,336,304,0,0,868,325,441,347,180,1,0,4
TCGA-DD-A3A1-11A-11R-A213-07,0,0,72665,0,2,1,11,452,1,1,0,14,3,21145,8153,34,26,0,161,62,11,0,3,30511,624,743,7654,18,0,4,3
TCGA-BC-A10T-01A-11R-A131-07,20,0,3592,156,273,0,45,526,1,218,9,360,252,1593,961,875,653,1,9,126,420,5,1,4471,322,2102,853,485,0,5,1
TCGA-DD-AAVQ-01A-11R-A41C-07,0,0,1361,210,274,0,13,78,0,210,0,840,7,261,67,1483,904,6,1204,3655,811,11,0,77,23,226,118,785,1,1343,4
TCGA-G3-A6UC-01A-21R-A33J-07,0,0,7342,12,0,0,0,54,1,76,0,44,0,1753,295,260,37,0,1,5,68,12,1,2298,1254,2211,1417,85,0,1,0
TCGA-DD-A4NG-01A-11R-A27V-07,0,0,2512,78,0,0,0,328,2,151,55,134,23,532,35,360,512,0,2374,469,87,0,20,170,122,1295,236,385,0,4,0
TCGA-EP-A12J-11A-11R-A131-07,1,1,7300,18,43,0,34,300,0,7,0,9,0,2542,216,34,46,0,32,67,5,0,0,1649,1501,2440,948,17,1,1,0
TCGA-EP-A12J-01A-11R-A131-07,0,0,2871,46,0,0,0,378,0,107,0,62,4,777,23,318,144,0,1,40,129,1,3,161,300,564,620,235,0,0,0
TCGA-2Y-A9GS-01A-12R-A38B-07,0,67,2653,419,23,1,115,641,13,870,0,980,7,489,137,1178,923,0,275,287,1313,1,2,366,262,368,238,435,17,20,1
TCGA-BC-A10T-11A-11R-A131-07,0,0,33379,0,0,0,45,612,1,4,6,11,2,9551,5245,19,5,0,99,70,5,0,0,27687,1404,1710,7005,26,0,1,0
TCGA-DD-AADO-01A-11R-A41C-07,0,0,4378,14,631,0,0,20,0,48,0,112,27,76,154,686,313,0,1029,2921,651,352,2,112,38,371,377,154,0,47,1
TCGA-DD-AADP-01A-11R-A39D-07,0,19,2355,48,884,0,6,424,1,160,4,157,27,702,113,734,321,35,4097,168,144,1,1,520,167,171,334,373,1,4,0
TCGA-DD-AADI-01A-11R-A41C-07,0,27,1167,22,4216,0,6,38,0,34,0,53,0,187,67,298,234,1,1271,933,138,0,1,1,16,179,80,156,0,5,110
TCGA-ED-A627-01A-12R-A311-07,0,0,26167,24,2,0,45,530,1,52,0,98,9,6761,2851,215,130,5,741,98,72,4,13,7730,990,382,3022,87,0,6,0
TCGA-CC-5263-01A-01R-A131-07,19,1,1126,1011,12,0,13,185,294,2035,17,2077,301,168,45,3796,3053,3,866,899,2788,1077,3,175,138,292,251,2880,4,7,26
TCGA-G3-A5SL-01A-11R-A27V-07,0,0,2509,39,1,26,1,51,1,75,0,80,5,663,30,402,129,1,54,83,88,11,190,401,508,922,1819,211,0,1384,0
TCGA-DD-A4NS-01A-11R-A311-07,0,0,9359,30,0,0,160,299,1,62,1,125,47,2535,469,264,165,4,281,127,85,5,5,1507,602,971,841,106,0,639,0
TCGA-DD-A113-11A-12R-A131-07,0,1,36611,1,0,0,32,1081,0,7,0,13,11,13762,4928,29,12,0,160,73,9,0,4,22533,2254,2147,4594,14,0,1,0
TCGA-DD-AACE-01A-11R-A41C-07,0,0,3115,60,0,21,0,10,0,75,0,79,4,721,17,194,159,0,19,71,113,0,0,375,1030,1239,772,73,0,1,0
TCGA-RC-A7SK-01A-11R-A352-07,0,6,4491,57,45,0,6,40,33,124,0,222,6,1198,145,425,322,0,56,21,181,13,0,251,17,237,510,154,0,16,0
TCGA-DD-AAEA-01A-11R-A41C-07,0,0,2782,68,0,43,0,16,0,104,0,136,4,1200,178,524,751,0,65,319,227,1,2,320,336,431,593,319,0,456,0
TCGA-DD-AACG-01A-11R-A41C-07,0,8,14903,58,19,0,1,21,0,84,0,344,49,7875,533,806,502,0,763,873,1090,371,70,5688,55,107,4099,369,4,462,0
TCGA-QA-A7B7-01A-11R-A32O-07,33,94,429,896,257,749,0,177,5,661,0,1573,37,85,38,2195,2532,4,524,96,3063,0,0,81,1499,2264,52,1286,44,7,23
TCGA-FV-A495-01A-11R-A266-07,0,59,8523,63,1913,0,20,53,0,47,0,328,4,2293,596,681,1606,1,126,344,732,1,3,1986,73,779,685,303,17,21,20
TCGA-DD-A4NN-01A-11R-A28V-07,0,23,446,478,1637,49,33,44,0,380,0,537,38,69,15,1305,1306,1,248,280,757,115,13,26,24,115,25,1110,0,124,41
TCGA-G3-A25U-01A-11R-A16W-07,0,0,19146,319,0,0,1,106,0,431,1,312,5,8643,1469,966,1316,0,94,10,500,0,4,8079,3599,944,2146,198,0,0,0
TCGA-ED-A4XI-01A-11R-A266-07,0,27,7212,22,11845,0,18,256,28,43,1,91,17,1770,345,170,77,0,200,85,84,1,3,1770,382,412,532,76,4,33,12
TCGA-DD-A39Y-01A-11R-A213-07,0,0,2415,113,2,37,21,79,1,342,0,958,89,576,63,885,478,1,1843,416,3631,5,9,361,1,112,212,731,0,4,0
TCGA-LG-A6GG-01A-11R-A311-07,0,0,4495,141,0,0,0,11,1,111,0,201,17,264,114,437,481,3,2153,28,124,1,3,226,1112,2702,495,235,1,1,0
TCGA-DD-A4NA-01A-11R-A266-07,79,1,4822,96,4,0,6,332,1,331,1,293,71,1064,162,454,406,0,510,1807,206,29,4,73,0,431,226,480,0,6,0
TCGA-BW-A5NQ-01A-11R-A27V-07,0,24,12590,663,3,0,0,40,0,899,93,685,86,6298,2280,2162,695,0,1212,848,1979,0,21,11635,135,224,1654,1684,8,34,0
TCGA-2Y-A9GV-01A-11R-A38B-07,0,0,8707,11,1,0,0,1130,0,27,0,60,0,2941,420,160,46,1,338,56,35,5,0,5556,1764,3713,2517,48,0,1,1
TCGA-G3-A3CJ-01A-11R-A213-07,0,0,166633,5,3,0,0,516,0,19,0,22,8,31379,1767,174,78,0,10,88,46,0,0,21258,137,61,16673,39,0,0,0
TCGA-G3-AAUZ-01A-11R-A38B-07,0,0,8953,106,0,0,1,154,0,60,1,175,0,3873,671,785,1620,0,34,132,315,0,0,2294,139,646,1349,267,0,4,4
TCGA-DD-A73E-01A-12R-A32O-07,0,0,4246,36,0,0,0,13,7,91,0,57,24,890,52,263,186,1,1,26,84,1,6,1745,405,3139,920,116,0,0,0
TCGA-BD-A3EP-11A-12R-A22L-07,0,0,37416,6,0,0,26,627,1,4,0,14,4,11529,2047,17,29,0,65,173,5,0,2,16531,2859,664,3931,14,0,4,0
TCGA-BD-A3EP-01A-11R-A22L-07,1,8,7063,108,32,0,8,342,161,105,6,177,12,747,132,330,188,1,1665,837,228,18,6,1108,161,1148,724,118,4,75,5
TCGA-DD-AAEB-01A-11R-A41C-07,0,0,10434,1,0,0,0,24,0,1,0,25,0,4798,76,150,52,0,4,79,62,0,2,3209,86,574,9068,35,0,312,0
TCGA-UB-A7MC-01A-11R-A33R-07,0,0,260634,352,0,0,1,48,53,673,2,575,23,88937,39167,1900,1096,0,73,24,309,1,9,523548,327,403,39912,1249,0,45,0
TCGA-EP-A3RK-01A-11R-A22L-07,0,4,1886,153,0,1,0,456,40,269,130,492,50,323,91,1289,1112,0,653,1659,730,4,4,462,192,736,367,697,0,25,0
TCGA-EP-A3RK-11A-11R-A22L-07,0,0,16025,8,3,0,53,521,0,22,0,35,2,9365,1469,85,35,0,17,20,34,0,0,9661,3183,4750,3653,45,0,0,0
TCGA-MI-A75H-01A-11R-A32O-07,0,0,5246,18,0,0,0,518,0,50,3,55,3,643,52,261,219,0,74,80,131,1,6,779,80,1756,1557,153,0,0,0
TCGA-2Y-A9H4-01A-11R-A38B-07,0,0,1614,34,0,0,0,471,3,70,0,198,19,599,144,386,886,0,5,106,196,0,1,462,128,2074,210,93,0,0,0
TCGA-DD-A1EA-01A-11R-A131-07,0,0,3273,120,0,0,1,8,3,136,48,214,27,716,153,470,220,0,141,216,226,1,8,259,563,1459,763,254,0,10,0
TCGA-CC-A5UC-01A-11R-A28V-07,0,0,3421,99,106,1,12,67,0,193,0,653,64,1286,239,1250,591,0,1826,891,533,48,5,855,109,107,355,1101,0,1217,0
TCGA-FV-A496-01A-11R-A266-07,1,0,4811,49,39,0,0,125,1,40,0,137,1,1150,119,328,202,1,116,31,174,1,2,523,1783,135,476,104,0,16,0
TCGA-DD-AACV-01A-11R-A41C-07,0,6,3232,668,162,0,0,215,1,582,0,604,0,1802,216,1598,1313,0,25,4,1038,0,0,1216,435,673,434,659,11,37,0
TCGA-DD-AACU-01A-11R-A41C-07,0,4,2124,58,188,1,4,39,171,119,1,100,3,545,89,327,217,0,903,249,244,0,1,97,33,129,104,119,1,1,0
TCGA-ZS-A9CF-01A-11R-A38B-07,0,0,1116,338,407,0,0,607,103,190,0,472,154,200,119,982,858,0,89,237,830,0,1,248,239,3404,154,838,0,0,0
TCGA-DD-AAVV-01A-11R-A41C-07,0,33,6492,36,4021,0,19,44,91,122,0,231,45,1922,165,288,636,0,1089,1051,215,68,51,3561,338,545,708,205,0,168,4
TCGA-DD-AAVR-01A-11R-A41C-07,0,98,3860,31,2964,0,4,51,20,50,0,141,4,561,82,189,92,1,1082,612,184,1,26,145,46,202,300,186,0,8,17
TCGA-4R-AA8I-01A-11R-A38B-07,0,1,11712,195,11,0,8,195,75,141,56,237,29,3765,553,689,291,4,529,53,264,0,3,4241,1488,1676,1601,408,0,40,116
TCGA-DD-AACJ-01A-11R-A41C-07,0,0,2068,14,0,0,0,12,0,24,0,75,10,102,69,247,92,1,167,211,129,0,1,99,153,55,1108,38,0,2189,0
TCGA-DD-AAVS-01A-11R-A41C-07,0,31,1131,334,1301,0,0,27,0,292,0,360,9,302,81,999,486,3,4215,257,357,302,3,538,241,216,146,676,0,144,18
TCGA-3K-AAZ8-01A-12R-A39D-07,0,0,7540,11,0,0,6,82,1,22,0,41,37,131,236,207,98,0,376,273,46,12,0,31,160,2668,999,69,0,98,0
TCGA-ED-A7PY-01A-11R-A33R-07,0,46,713,29,7139,0,4,16,0,58,1,77,3,55,31,309,143,0,1135,3,133,96,1,18,1,128,45,279,4,72,16
TCGA-DD-A116-01A-11R-A131-07,0,0,10546,66,2,0,24,217,0,48,20,275,34,3995,262,659,1052,0,91,115,210,5,270,1844,102,427,1201,148,0,2483,4
TCGA-DD-A1EK-01A-11R-A213-07,0,0,1129,61,0,182,0,369,2,74,3,195,30,75,38,360,211,0,181,391,174,0,2,194,219,1375,984,127,0,0,0
TCGA-DD-AAE6-01A-11R-A41C-07,0,0,2513,212,4,0,0,15,0,257,0,863,10,519,474,2100,1522,0,136,8,853,0,0,545,1,30,319,797,0,2691,0
TCGA-RC-A6M6-01A-11R-A32O-07,18,1,2541,172,0,0,6,21,15,675,1,906,47,348,85,1850,638,0,3355,809,1768,1,10,155,0,61,146,808,1,152,1
TCGA-DD-AAC9-01A-11R-A41C-07,0,4,189622,12,1788,0,6,186,2,18,0,76,4,26162,28912,130,63,0,988,651,80,0,2,312466,158,435,12034,44,0,0,0
TCGA-UB-AA0U-01A-11R-A38B-07,0,0,4981,548,0,0,17,471,1,376,0,461,3,1505,200,847,1005,0,674,157,464,0,2,1052,512,1241,659,831,0,0,5
TCGA-2Y-A9HB-01A-11R-A39D-07,0,1,2078,69,10328,0,5,50,136,81,0,149,4,239,53,224,107,0,237,310,152,4,0,21,494,1153,286,144,6,1,1
TCGA-EP-A26S-01A-11R-A16W-07,0,0,2832,81,0,0,18,138,0,97,0,141,1,1369,31,242,207,3,10,112,112,4,1,225,1217,665,1163,158,1,76,0
TCGA-G3-A25S-01A-11R-A16W-07,0,11,1846,117,0,0,4,26,171,92,0,434,12,209,93,754,1044,0,3977,451,476,0,1,593,162,949,272,607,6,4,1
TCGA-DD-AAEG-01A-11R-A39D-07,0,40,3709,69,25485,0,28,121,880,159,1,261,6,347,89,490,540,1,243,142,327,5,111,113,391,502,235,359,11,197,4
TCGA-UB-A7ME-01A-11R-A33J-07,0,1,2987,209,1469,0,76,52,1,119,3,707,12,812,137,815,530,1,288,2237,623,5,5,459,24,266,194,451,1,877,1
TCGA-YA-A8S7-01A-11R-A37K-07,0,0,15769,182,0,0,83,691,161,451,72,1090,1186,3052,342,1652,805,0,1474,409,1321,0,2,1561,160,1652,2864,1150,1,14,4
TCGA-DD-A4NQ-01A-21R-A28V-07,14,1,5844,108,5,22,8,42,123,205,11,550,142,1175,284,1055,251,0,271,398,579,4,15,1464,582,128,786,887,0,4298,1
TCGA-DD-AADU-01A-11R-A41C-07,0,0,22665,0,0,0,0,124,4,17,0,59,8,9026,328,136,68,0,40,102,52,0,8,7096,298,176,5289,28,0,701,0
TCGA-DD-AAVY-01A-11R-A41C-07,0,0,1164,6,0,0,0,7,0,15,0,27,11,96,6,67,26,0,4,9,17,0,0,57,87,241,244,19,0,94,0
TCGA-2Y-A9H2-01A-12R-A38B-07,0,0,2350,134,0,1,9,218,3,416,1,432,23,1129,200,1352,677,1,1528,1388,698,27,2,449,308,780,277,298,0,3,1
TCGA-CC-5260-01A-01R-A131-07,0,1,782,141,1,0,76,80,1,429,0,315,5,194,99,1055,506,20,337,124,435,1,2,38,21,200,72,235,0,188,0
TCGA-DD-A1EH-11A-11R-A131-07,0,0,32057,3,0,0,36,465,0,22,0,23,0,12389,4981,76,27,5,14,22,27,0,0,22223,1770,4772,5833,27,0,1,0
TCGA-FV-A2QR-11A-11R-A213-07,0,0,37604,11,0,0,51,282,1,16,1,31,11,10011,1623,56,27,0,972,186,17,3,29,7588,1288,513,2922,22,1,12,1
TCGA-CC-A7IF-01A-11R-A33J-07,0,0,990,203,1,0,6,190,0,338,1,373,13,206,48,1294,1449,0,79,70,314,5,0,25,0,71,78,418,0,758,1
TCGA-DD-A3A5-01A-11R-A22L-07,0,6,1738,114,226,0,0,375,0,69,0,331,11,134,67,479,979,0,92,61,323,1,0,58,89,439,140,285,1,0,0
TCGA-DD-AACY-01A-11R-A41C-07,0,23,855,14,21203,0,0,80,7,31,1,54,9,108,19,103,52,0,541,58,63,0,1,1,187,1963,57,53,1,0,4
TCGA-DD-AACC-01A-11R-A41C-07,0,0,11793,84,0,0,4,346,0,64,0,178,3,1723,365,461,289,3,419,841,360,4,0,1246,141,489,1507,341,0,191,0
TCGA-CC-A7IH-01A-11R-A33J-07,0,0,954,66,0,0,0,84,0,104,0,187,20,413,37,463,279,0,5,15,194,0,0,151,131,1810,335,372,1,10,0
TCGA-BW-A5NO-01A-11R-A27V-07,0,84,1030,43,2542,95,0,61,0,65,0,73,72,483,213,277,199,0,204,421,188,0,1,878,130,257,227,122,13,79,4
TCGA-CC-A7IJ-01A-11R-A33R-07,18,0,3923,478,0,26,0,117,400,1225,3,3235,85,1504,935,8023,910,3,14,309,3208,0,32,431,35,2049,1254,3042,0,92,0
TCGA-G3-AAV1-01A-11R-A38B-07,0,0,3083,48,0,0,0,26,193,162,29,276,65,765,78,478,427,0,1449,165,279,0,6,941,485,146,734,178,0,1190,0
TCGA-DD-AACI-01A-11R-A41C-07,0,204,4972,5,8887,0,0,7,226,10,0,36,3,1006,81,133,228,0,1201,461,96,0,5,551,1,114,323,56,0,20,1
TCGA-CC-A9FS-01A-11R-A37K-07,1,0,1122,106,0,0,4,90,1,124,3,123,0,312,47,725,736,0,574,64,158,18,3,205,954,125,145,380,0,828,0
TCGA-GJ-A3OU-01A-31R-A38B-07,0,0,6486,60,0,380,25,204,1,129,1,321,24,845,183,665,219,4,773,9772,273,0,1,936,185,257,652,403,1,8,4
